customer_id,AcceptedCmp1,AcceptedCmp2,AcceptedCmp3,AcceptedCmp4,AcceptedCmp5,Response,Complain,DtCustomer,Education,Marital,Kidhome,Teenhome,Income,MntSpentProducts,NumDealsPurchases,CouponCodesUsed,NumRepPurchases,NumWebPurchases,NumWebVisitsMonth,Recency
64759,0,0,1,0,0,0,0,10/8/21,PhD,Single,2,1,33813.92,2327.06,3,0,8,6,20,89
22456,1,0,1,1,0,0,0,11/1/22,Graduate,Divorced,0,0,144865.57,7063.59,1,12,1,11,11,77
63401,1,0,1,0,1,0,0,5/18/22,PhD,Divorced,2,0,114548.62,1393.58,3,9,1,7,3,48
72903,1,1,1,0,1,1,0,7/1/24,Graduate,Single,2,2,50536.64,14717.97,2,14,6,8,20,88
76338,0,1,0,0,0,1,0,5/3/21,Basic,Married,2,2,67761.35,13281.05,6,14,2,8,4,31
11966,1,1,1,1,0,0,0,11/5/21,Basic,Single,0,0,105293.53,15945.55,6,2,6,12,19,59
70433,1,0,0,1,1,0,0,3/6/25,High School,Widow,0,2,135102.35,5636.09,8,5,8,3,20,38
18341,0,0,1,0,0,1,0,11/29/23,Basic,Divorced,1,0,36951.02,17621.19,1,2,7,2,17,98
50681,0,0,1,0,1,1,1,12/17/24,PhD,Married,2,1,77879.08,13597.9,5,14,8,14,3,31
16606,0,0,1,0,0,0,0,8/30/23,Basic,Married,0,0,133156.25,1881.72,3,8,10,15,6,69
33822,0,1,0,1,1,0,0,10/18/21,Postgraduate,Divorced,1,1,86042.96,14716.98,10,3,0,12,10,13
54743,0,0,0,1,0,1,0,3/31/23,Postgraduate,Married,0,1,126962.67,17191.35,1,1,10,17,0,11
84337,0,0,1,1,1,0,0,3/17/24,Basic,Married,1,0,148237.06,5671.46,7,9,6,17,15,19
82564,0,1,0,0,0,1,0,1/29/25,PhD,Widow,2,2,48891.93,19235.19,1,5,1,19,2,86
71567,0,1,0,0,0,0,0,11/25/23,PhD,Separated,2,1,142164.75,4483.05,5,7,4,12,4,85
97173,1,1,1,0,0,1,0,9/26/23,PhD,Single,0,2,55578.52,5671.41,5,2,3,11,9,20
39660,1,1,0,1,0,0,0,10/2/21,Basic,Separated,0,1,63810.75,4607.28,5,6,10,20,8,64
30475,1,1,0,0,1,1,0,10/23/21,Graduate,Married,2,1,49389.84,9115.79,6,0,1,2,4,69
57942,0,1,0,1,0,0,0,3/26/23,Basic,Divorced,0,2,59943.57,2504.48,8,13,9,4,7,20
96434,0,1,0,0,1,1,0,10/20/24,High School,Divorced,0,2,42971.48,17507.25,7,7,3,14,11,39
92391,0,0,0,0,1,1,0,1/5/24,Basic,Divorced,1,2,91128.68,13750.6,8,10,0,3,8,22
28093,1,0,0,1,1,1,0,12/14/23,PhD,Single,1,2,52809.45,1365.54,6,0,8,17,6,46
44534,1,0,1,1,0,1,0,3/6/24,Postgraduate,Divorced,1,2,65478.62,2982.11,6,12,10,5,19,72
34954,1,1,0,1,1,0,0,11/5/22,PhD,Separated,2,1,85798.58,9122.12,3,15,2,2,9,65
20365,1,0,0,1,0,0,0,4/26/24,Basic,Married,1,2,131968.52,1920.15,6,6,6,15,12,31
50549,0,0,0,1,0,0,0,5/11/24,PhD,Widow,0,2,59903.79,17042.56,7,4,7,16,17,76
21746,1,1,1,1,0,1,0,5/17/23,High School,Divorced,2,1,105209.81,5854.65,1,9,3,8,10,40
84184,0,0,0,0,1,0,0,1/13/24,Basic,Widow,1,1,95113.34,8607.6,3,13,6,18,0,97
36135,1,1,0,1,1,1,0,12/28/24,Postgraduate,Separated,2,2,95535.88,12263.43,3,15,3,8,13,62
71093,0,1,1,1,0,1,1,6/18/21,PhD,Separated,0,1,101027.13,13428.5,1,13,2,14,5,6
82480,1,1,1,0,1,1,0,6/3/23,Postgraduate,Divorced,1,1,130189.31,9670.98,8,1,5,7,20,8
24664,0,0,0,0,0,0,0,6/30/22,Postgraduate,Single,2,0,85804.08,5496.75,5,5,9,19,3,99
23943,0,1,0,0,1,1,0,11/16/21,High School,Single,2,2,129668.6,5235.56,4,3,9,1,11,68
15711,1,1,0,1,0,1,0,4/18/22,Basic,Widow,1,2,136989,9464.92,2,13,2,16,20,34
92139,1,1,1,1,1,0,0,11/21/21,Basic,Divorced,1,0,120057.15,11612.07,10,12,5,0,15,41
37753,0,1,0,1,1,1,0,11/1/22,PhD,Divorced,2,0,91995.27,4225.6,3,13,7,17,7,88
14199,1,1,1,0,0,1,0,4/23/23,High School,Divorced,2,2,74282.45,11292.72,5,13,8,10,11,89
66910,1,1,1,1,0,0,0,4/6/25,Graduate,Single,2,2,144105.31,13958.19,3,6,7,8,18,97
48001,1,0,0,1,0,1,0,1/9/23,Basic,Separated,0,1,35461.88,1563.26,4,4,10,15,3,1
33561,1,1,1,1,1,0,1,5/30/22,Graduate,Widow,0,0,78084.89,1944.6,10,1,2,4,18,38
34724,0,0,0,1,0,1,0,10/5/21,Postgraduate,Divorced,2,1,66645.63,12610.03,9,3,3,20,6,33
39261,0,0,0,0,0,0,0,12/7/23,Postgraduate,Separated,1,1,33916.78,6118.05,4,14,1,7,8,100
19146,0,1,0,0,0,1,0,5/4/24,Basic,Single,0,1,101405.28,16572.69,4,14,1,14,9,89
99082,1,1,1,1,0,0,0,6/26/21,Graduate,Separated,1,0,40959.23,19257.27,9,0,10,8,18,5
36217,0,1,1,1,0,1,0,2/1/24,Postgraduate,Single,1,1,79001.77,6760.64,1,5,5,13,15,36
36969,1,0,1,0,1,1,0,6/6/21,Postgraduate,Separated,0,2,134324.1,9508.54,0,6,8,11,19,96
50858,1,1,0,0,1,0,1,2/17/25,Postgraduate,Widow,0,0,146777.62,12373,3,5,4,17,0,70
43480,1,0,0,0,1,0,0,7/16/22,High School,Widow,2,1,91064.64,5831.79,7,15,3,14,17,18
34199,1,0,0,0,1,1,0,5/14/24,PhD,Divorced,0,1,117126.12,16830.78,9,15,2,14,17,61
82953,1,1,1,1,1,0,1,11/11/22,High School,Separated,1,0,132721.56,8510.11,5,15,6,12,20,19
24943,1,0,0,1,0,1,0,3/6/23,Postgraduate,Single,2,0,79197.43,13268.24,2,2,7,8,10,79
38112,1,0,1,1,1,1,0,1/8/25,Basic,Separated,0,0,105739.32,18458.12,3,2,6,3,20,90
57667,0,1,0,1,0,0,0,9/27/21,Basic,Divorced,1,1,81682.41,5261.85,6,5,2,5,2,78
70754,1,0,1,0,0,1,0,3/30/25,Postgraduate,Divorced,2,0,137869.02,9572.44,4,5,1,14,11,75
71933,1,1,1,1,1,0,1,12/20/23,Postgraduate,Single,0,1,98630.72,11708.83,4,0,10,12,8,1
14645,0,1,1,0,1,0,0,2/3/23,PhD,Divorced,2,2,122096.49,13776.67,2,3,10,20,1,39
21436,1,0,1,0,0,1,0,2/27/22,Postgraduate,Married,0,0,124381.54,17590.98,5,8,2,8,15,37
21863,1,0,1,0,0,0,0,6/1/23,Postgraduate,Separated,1,0,124881.84,771.41,8,3,7,11,8,74
85421,1,1,0,0,1,0,0,4/10/24,PhD,Divorced,2,0,107718.29,12890.38,7,9,10,13,3,17
82950,0,0,1,1,0,0,0,4/30/22,PhD,Married,1,1,74521.38,19012.92,8,13,9,4,13,83
55882,0,1,1,1,0,1,0,10/6/24,Postgraduate,Married,1,0,147711.33,7663.03,10,11,0,12,8,24
96473,0,1,0,0,0,0,0,3/29/24,High School,Married,2,0,38233.22,15420.57,3,6,3,10,4,100
59196,0,1,0,0,1,0,0,8/30/21,Basic,Married,0,1,124798.16,5139.67,5,0,2,8,1,16
44516,1,0,0,1,1,1,0,12/19/23,Basic,Widow,2,0,143449.88,1345.62,10,9,7,20,0,7
31608,1,1,1,0,1,1,0,7/31/23,Basic,Divorced,2,0,37881.87,5862.81,10,10,6,19,16,37
94681,1,1,0,0,0,1,0,4/5/22,High School,Widow,1,1,77847.62,14727.44,5,13,5,8,11,19
81962,1,0,0,0,0,1,0,5/8/23,Graduate,Married,2,0,100375.81,11450.94,5,3,6,11,13,92
47557,0,1,1,1,0,0,0,9/27/23,Postgraduate,Married,0,1,131444.81,7667.44,4,7,6,17,19,78
48317,0,1,0,0,1,1,1,4/10/24,Graduate,Single,0,0,97958.53,8315.29,2,0,1,16,6,48
74520,1,1,1,0,1,1,0,4/27/23,PhD,Separated,0,0,48669.59,15211.5,0,2,4,14,13,62
95590,1,1,1,0,0,1,0,9/11/24,Graduate,Separated,1,2,110055.91,1385.64,6,1,0,6,9,27
31396,0,1,1,1,0,0,0,1/27/24,Postgraduate,Married,0,1,93909.88,4987.16,8,11,1,12,1,55
84154,0,1,0,1,1,1,0,7/1/22,Postgraduate,Divorced,0,1,32502.79,6832.98,9,14,5,2,13,13
69362,0,1,1,0,1,1,0,9/16/21,High School,Divorced,0,0,91257.99,2723.52,8,6,5,11,20,18
98559,0,0,0,1,0,0,0,6/1/23,Basic,Married,2,1,85674.37,11492.84,9,14,10,18,20,81
78101,1,1,0,1,0,1,0,7/24/22,Graduate,Divorced,2,0,72233.07,1946.72,7,14,0,1,11,36
71227,0,0,1,1,0,1,1,9/20/24,PhD,Married,1,2,87075.48,3441.79,0,14,1,10,2,64
46442,0,0,0,1,1,0,0,12/13/23,Graduate,Widow,1,1,111467.73,1521.13,10,10,1,10,3,71
14891,1,1,1,0,1,0,0,3/24/24,High School,Divorced,1,2,113817.6,8143.18,9,2,4,17,12,82
69373,1,0,0,1,1,0,0,1/31/25,High School,Married,1,1,53040.63,19999.54,2,2,4,3,16,98
21550,0,1,0,1,0,0,0,1/6/25,PhD,Married,2,1,35243.09,7603.84,3,14,9,9,14,29
84436,0,1,1,0,1,1,0,3/20/22,Graduate,Widow,2,2,80239.3,3660.13,3,4,4,1,20,61
72610,1,0,0,1,0,0,0,6/7/24,PhD,Married,1,0,143569.59,4829.74,7,11,0,13,1,50
85845,1,0,1,0,1,0,0,11/24/23,Basic,Divorced,0,0,34596.38,18389.23,7,4,7,14,19,0
42289,0,0,1,0,0,1,0,11/6/23,Graduate,Married,1,0,35729.93,8686.6,9,14,1,3,15,76
35400,0,0,0,1,1,0,0,2/10/25,High School,Separated,1,0,109724.56,2169.47,5,2,8,17,16,100
95846,0,1,1,0,1,1,0,9/10/21,Basic,Divorced,0,1,58935.11,13313.54,1,10,2,1,11,69
80958,1,0,1,1,0,0,0,2/10/24,Postgraduate,Single,1,0,35256.75,4389.66,0,10,4,16,12,69
49225,1,1,0,0,1,1,0,12/29/22,Basic,Divorced,1,0,125921.09,9020.55,6,14,6,10,5,63
63869,1,1,1,0,1,0,0,9/16/23,High School,Separated,1,1,42311.75,6894.44,4,9,7,19,13,21
91234,1,1,1,0,1,1,0,8/17/24,Basic,Single,2,2,78745.23,10505.18,10,5,0,4,19,86
98436,1,0,0,0,0,1,0,3/22/22,PhD,Single,2,0,111487.45,19002.06,5,14,1,18,4,67
41591,1,1,1,1,0,0,0,1/19/25,High School,Widow,2,1,139625.1,2796.34,4,14,3,19,9,88
53383,1,0,0,0,0,1,0,9/17/23,Postgraduate,Single,2,1,110140.77,14336.04,8,9,4,5,20,22
14492,1,0,0,0,0,0,0,4/15/23,Basic,Divorced,2,2,74269.34,16171.4,8,4,9,2,2,39
99481,1,1,1,1,0,0,1,6/24/24,Basic,Widow,1,2,92083.2,3002.52,8,5,2,13,16,7
32767,0,0,1,0,0,1,1,11/3/23,High School,Divorced,2,1,131512.04,5386.8,10,8,2,20,9,78
80362,0,0,0,0,1,0,0,6/26/24,Basic,Single,0,2,122522.68,5660.79,3,13,9,20,0,63
64873,1,1,1,0,1,1,0,12/17/22,Basic,Married,1,1,88110.14,4478.45,9,4,5,10,11,51
82562,0,1,0,1,0,1,0,3/17/23,Postgraduate,Married,0,0,36072.64,18935.01,9,13,3,5,10,73
14643,1,0,0,1,1,1,0,9/4/24,Postgraduate,Single,0,1,90653.34,19350.39,3,11,0,1,9,63
20238,1,1,0,0,1,0,0,11/25/23,Graduate,Widow,1,0,78069.79,11620.49,3,11,8,9,2,49
84146,1,1,0,0,0,1,0,10/16/24,Graduate,Separated,1,0,53886.95,10427.89,8,1,0,1,4,91
27635,1,1,1,0,0,1,1,11/19/22,Graduate,Married,1,2,118718.32,6335.07,5,15,9,9,15,2
97554,1,1,0,1,1,0,0,10/20/21,Graduate,Separated,2,0,116568.01,11878.7,2,12,2,7,1,73
37607,0,0,0,1,1,1,0,12/9/24,High School,Widow,2,2,140462.51,17519.95,0,4,8,6,17,41
99820,1,1,1,0,1,1,0,1/13/23,Graduate,Separated,1,0,144880.49,5940.62,4,7,4,9,6,88
99034,1,1,1,1,1,1,0,11/29/23,PhD,Widow,1,1,144553.06,16190.01,4,1,4,2,11,56
15641,1,1,0,0,1,1,0,1/4/22,PhD,Separated,0,0,36091.85,18151.09,3,7,0,3,13,42
55407,1,0,0,0,0,1,0,11/9/24,Postgraduate,Widow,2,0,120709.33,6101.28,4,1,1,20,18,29
77888,0,0,1,0,0,1,0,8/18/22,High School,Divorced,0,0,65807.07,12254.27,5,9,7,20,17,67
24085,1,0,1,1,0,0,0,6/7/21,Postgraduate,Divorced,2,0,31690.1,7073.69,4,6,2,19,20,51
68709,1,1,0,1,0,0,1,12/4/23,Postgraduate,Divorced,0,0,61294.23,5092.66,4,10,4,18,18,1
13233,1,1,0,0,0,1,0,5/6/21,Postgraduate,Separated,2,1,112834.85,12954.87,4,11,9,7,7,17
20942,1,0,1,1,1,1,0,9/14/22,High School,Married,2,2,134776.21,2096.47,7,11,1,18,3,7
12913,0,0,0,1,1,0,0,3/13/22,PhD,Widow,0,2,83457.92,1584.9,2,13,7,18,1,71
59213,1,1,0,1,1,0,0,5/21/24,PhD,Single,0,1,71343.46,1743.32,0,2,7,1,9,52
96952,0,0,1,1,1,1,0,4/17/24,Postgraduate,Widow,0,2,145697.33,17553.8,2,11,1,5,17,50
40417,0,0,0,0,1,1,0,8/22/24,PhD,Widow,2,1,128803.25,5326.48,5,4,4,6,3,4
23393,1,0,0,0,0,0,0,10/8/24,Postgraduate,Separated,2,2,134665.49,5272.32,0,12,7,7,17,27
92374,0,0,1,0,1,1,0,2/4/23,High School,Separated,0,1,66060.11,1688.67,9,5,10,13,17,63
63650,0,1,1,1,1,1,0,6/14/24,Postgraduate,Married,2,1,58916.18,4894.22,2,14,0,17,13,53
73117,0,1,0,1,0,1,0,10/17/23,Postgraduate,Divorced,0,2,116950.17,4214.39,4,12,10,19,19,5
39366,0,0,0,1,0,1,0,9/20/24,Basic,Married,0,2,44077.94,19991.65,7,7,9,6,12,30
99179,1,1,1,1,1,1,0,1/9/25,PhD,Widow,1,0,126337.99,14587.06,5,6,5,10,13,5
44938,0,0,0,1,1,1,0,2/2/22,Graduate,Married,1,2,130003.53,10236.38,10,10,4,15,20,94
29794,1,1,0,1,0,0,0,9/7/21,Postgraduate,Married,2,2,144868.43,10716.92,1,1,0,13,4,80
42051,0,0,0,0,0,1,0,3/5/22,PhD,Separated,1,2,88542.53,628.94,8,13,0,0,16,92
90630,1,1,0,1,0,0,1,11/2/24,PhD,Married,0,0,104373.7,5422.15,5,8,6,2,11,51
62103,1,0,0,1,0,0,0,10/15/24,Postgraduate,Widow,2,1,36733.79,684.28,2,2,7,13,20,100
82344,1,0,0,0,0,1,0,1/23/24,Basic,Divorced,2,2,108973.11,3997.41,5,0,3,18,4,96
71225,1,0,1,0,0,1,0,8/31/24,PhD,Divorced,1,2,46794.07,19775.32,1,11,0,3,13,29
61396,0,1,1,1,0,1,0,12/23/22,Postgraduate,Widow,0,1,96364.53,7820.83,2,12,1,19,9,31
25463,0,0,1,0,1,0,0,10/5/22,Graduate,Divorced,0,0,30623.43,6511.22,5,8,1,4,2,23
38021,1,1,1,0,0,0,0,2/9/25,Basic,Separated,2,1,133646.18,740.64,6,12,1,17,7,73
64809,0,1,0,0,1,1,0,4/7/24,High School,Single,0,1,63115.42,6345.17,1,11,4,7,20,63
70967,0,1,0,0,1,0,1,4/17/23,Graduate,Separated,1,1,82826.75,8897.02,10,4,4,10,19,88
99196,0,1,1,0,1,1,0,8/1/22,Postgraduate,Separated,0,1,75126.64,16421.64,6,11,1,18,6,75
43101,0,0,1,0,1,1,0,10/12/22,Basic,Widow,2,1,46701.49,6405.24,4,4,6,12,2,57
70547,1,1,1,0,1,0,0,10/10/23,High School,Divorced,0,2,103521.35,11482.8,10,12,5,13,3,1
38863,0,1,0,0,1,1,0,5/7/21,PhD,Separated,0,1,149724.33,9914.04,4,13,1,3,4,44
58059,1,1,1,0,1,1,0,7/7/23,Postgraduate,Widow,1,0,66031.69,16298.63,1,0,5,20,3,86
36871,0,0,0,0,1,1,1,11/14/21,High School,Widow,2,0,52366.43,13317.5,6,0,9,6,14,75
58647,1,1,0,0,0,1,0,10/4/21,Basic,Separated,0,2,52435.18,6856.71,7,3,4,15,16,81
94492,1,1,1,0,1,1,0,7/19/22,PhD,Married,2,2,126073.61,18414.31,9,2,10,4,10,15
81020,0,1,0,0,1,0,0,2/8/24,Postgraduate,Separated,0,2,76045.2,4122.2,10,5,8,5,15,36
95873,0,0,1,1,0,1,1,4/4/25,Postgraduate,Married,0,1,145659.49,10356.04,7,13,10,15,13,90
49755,1,1,0,0,0,0,0,12/13/24,Graduate,Married,2,1,50185.08,9417.77,7,3,9,3,8,99
45412,1,0,1,0,1,0,0,6/7/22,High School,Divorced,0,1,61537.83,17312.89,1,14,1,7,6,94
33313,1,1,0,0,0,0,0,10/6/22,PhD,Divorced,2,1,101622.92,3783.36,4,9,9,8,16,86
11956,0,0,1,0,1,0,0,5/6/24,High School,Married,0,2,68651.61,5327.32,10,12,7,4,18,80
65703,1,1,1,1,0,0,0,5/13/22,Graduate,Divorced,1,1,69274.71,548.23,1,14,10,11,2,68
22725,1,0,1,0,1,1,0,10/3/21,Graduate,Divorced,2,2,45671.31,17122.24,5,1,0,3,20,100
21930,1,0,0,0,1,1,0,2/9/24,Postgraduate,Married,2,0,135857.73,6386.38,4,2,10,11,8,10
26898,1,0,0,1,1,0,0,2/15/23,Basic,Single,0,0,87216.8,3087.65,3,14,0,0,10,15
39459,1,0,1,0,0,1,0,1/1/22,Basic,Single,1,1,135718.68,3174.02,2,4,1,16,18,1
69329,0,1,1,0,0,1,0,5/14/24,Postgraduate,Married,0,0,46801.58,2901.57,6,11,6,10,4,31
63904,1,0,0,1,0,1,0,3/10/22,PhD,Separated,0,2,77010.12,13100.31,3,15,6,3,7,63
46829,0,0,1,1,0,1,0,11/7/24,PhD,Widow,1,2,111953.05,15373.16,1,0,9,2,0,33
70168,0,0,0,1,1,1,0,7/13/21,Postgraduate,Single,2,2,94518.64,3477.27,1,9,1,16,6,19
66346,1,1,0,1,1,0,0,1/7/22,Basic,Widow,0,1,103475.62,1573.06,10,5,1,0,4,89
38046,0,0,1,1,1,0,0,6/20/24,Graduate,Single,0,1,126852.94,5803.62,1,8,9,20,2,63
17726,1,1,0,1,0,1,0,4/11/24,Basic,Separated,2,2,43840.03,14945.21,0,1,0,7,1,60
67945,1,1,0,0,0,1,0,12/25/21,High School,Widow,2,1,62550.95,2018.8,5,3,8,1,5,28
49848,0,1,0,1,1,1,0,7/31/22,PhD,Widow,0,1,54080.54,11494.23,4,7,7,11,18,63
11738,0,0,0,0,1,0,0,12/2/21,Graduate,Single,1,0,121071.5,7837.36,4,3,3,16,7,53
82924,1,0,0,1,0,0,1,3/25/23,PhD,Widow,2,1,85014.96,15084.04,9,3,8,4,20,50
70316,0,0,1,0,0,1,0,5/12/21,Graduate,Widow,2,2,69150.19,9328.78,3,2,3,4,18,13
49964,0,0,0,1,1,1,0,11/10/22,PhD,Divorced,0,1,66996.93,5667.65,1,2,2,9,19,5
26269,0,1,0,0,0,1,0,12/14/23,Basic,Divorced,1,0,33729.85,8385.65,7,7,1,14,3,17
50622,0,0,0,0,0,0,0,10/3/23,Graduate,Single,2,2,61058.48,16348.57,0,2,3,20,14,16
53485,0,1,0,0,1,0,0,1/30/24,PhD,Widow,2,1,89535.17,7963.22,6,5,5,6,5,35
44917,1,1,0,0,0,1,0,1/26/24,PhD,Widow,0,0,63573.12,3176.1,3,7,10,17,0,48
54806,1,1,1,1,1,1,0,11/28/21,Basic,Divorced,2,0,33516.42,16308.44,4,1,7,16,11,98
55442,0,0,0,0,0,1,0,12/15/22,Basic,Married,2,1,72576.56,16864.83,2,5,3,18,10,94
44144,1,0,1,0,0,1,0,12/23/23,High School,Widow,0,0,36740.16,12232.42,0,15,0,10,19,25
64744,0,1,0,1,0,0,0,1/1/24,High School,Single,2,1,145267.05,7785.02,10,12,9,3,10,38
58914,1,0,0,1,1,1,0,4/14/24,PhD,Separated,1,0,109863.8,16381.86,6,9,4,4,5,93
41091,0,1,0,0,1,0,0,12/23/21,Basic,Widow,0,1,119441.2,5140.92,5,5,10,2,20,93
18774,1,1,0,1,0,0,0,6/13/21,Graduate,Divorced,0,2,30153.74,8025.77,6,5,6,15,12,44
71060,1,0,1,0,0,1,0,11/10/21,Basic,Divorced,0,1,61335.33,2542.14,5,5,6,5,2,70
77327,0,1,1,0,1,0,0,8/8/23,Postgraduate,Married,0,0,69731.35,19500.77,6,8,10,9,9,30
23800,0,0,1,1,0,0,0,1/20/22,Postgraduate,Single,1,2,105010.91,9866.4,1,0,3,5,20,37
21796,0,1,0,1,1,1,0,6/15/21,Graduate,Single,2,2,76503.25,7734.9,6,11,2,14,1,33
76289,1,1,1,0,1,0,0,1/5/25,Basic,Single,2,1,126981.62,8572.74,9,7,8,1,12,66
71412,1,1,0,1,1,0,0,12/30/21,Basic,Separated,2,2,126054.04,13711.93,9,4,1,14,5,21
89247,0,0,0,0,1,0,1,11/7/22,Postgraduate,Married,2,0,130092.97,5528.78,1,2,6,17,12,70
74545,1,1,1,0,1,0,0,12/1/24,High School,Separated,2,2,121005.29,18823.17,1,3,4,17,11,52
25351,1,1,1,1,0,0,0,11/21/24,High School,Separated,2,2,113239.35,1256.26,5,7,0,15,8,47
90970,0,1,1,1,1,1,0,2/16/24,Basic,Married,0,1,146906.33,9140.66,5,8,6,19,20,11
32657,0,1,0,1,1,1,0,12/19/24,PhD,Married,0,1,115148.33,8366.01,8,0,2,6,6,7
81298,0,0,1,0,1,0,0,5/21/24,Postgraduate,Separated,1,2,140768.83,13782.9,3,11,7,19,14,22
78298,1,1,1,0,1,0,0,4/30/24,Postgraduate,Single,0,2,123579.62,4679.21,3,7,10,6,8,83
53615,1,0,0,1,0,0,0,3/29/23,Basic,Married,1,2,126610.27,6456.46,10,8,6,12,11,58
33692,1,0,1,1,1,0,0,4/25/23,Graduate,Separated,2,2,103086.01,6320.28,1,15,1,10,8,81
38665,1,1,1,1,0,0,0,10/15/21,High School,Single,2,1,109263.64,13774.74,0,15,4,8,13,51
10347,1,0,0,1,0,1,1,3/3/23,Graduate,Separated,1,0,130876.64,17591.65,2,9,1,15,4,94
79068,1,0,1,0,0,1,0,6/15/23,Graduate,Widow,1,1,61267.11,6234,1,15,0,20,18,74
65057,0,1,0,0,1,1,0,10/23/22,High School,Married,0,1,79103.02,11603.37,7,4,5,5,2,62
75243,1,0,1,0,0,1,0,5/5/24,High School,Separated,0,1,124225.31,15705.17,2,13,10,13,12,54
48290,1,1,0,0,0,1,1,5/23/23,Graduate,Separated,0,0,111209.78,12720.4,3,7,5,9,4,13
80723,1,1,0,0,0,1,1,5/10/24,Postgraduate,Separated,2,2,70540.22,17815.49,2,10,7,11,6,21
36779,1,0,0,0,0,0,0,7/6/23,PhD,Separated,0,0,73990.97,13185.54,0,12,10,8,17,79
13242,0,0,0,0,0,0,0,6/21/23,Postgraduate,Single,2,1,86927.56,3485.98,10,0,4,13,3,84
27146,1,0,1,0,0,1,0,1/6/23,Basic,Widow,0,2,53969.93,5628.38,8,6,5,13,9,20
90328,0,1,0,1,1,0,0,11/11/21,Basic,Single,2,2,89292.48,19014.2,8,2,1,8,20,29
80890,1,1,1,1,0,0,0,6/14/21,Basic,Divorced,1,2,67524.85,14901.53,1,1,0,4,20,21
51636,1,1,1,1,0,1,0,2/7/23,High School,Single,1,1,145477.19,5800.75,6,15,6,20,5,14
55230,0,0,0,0,1,1,0,5/22/24,Postgraduate,Married,2,1,123499.72,12421.49,10,4,7,15,3,52
27436,1,0,0,1,1,0,0,12/17/21,PhD,Separated,2,2,56878.19,19137.35,5,3,6,7,15,44
89840,1,0,0,0,0,1,0,12/21/22,High School,Single,1,1,58907.02,19417.83,0,7,8,20,12,51
39551,0,0,1,1,1,0,0,4/5/23,Postgraduate,Divorced,0,1,119428.68,846.5,6,13,0,17,17,0
89017,0,1,0,1,1,1,0,8/16/21,High School,Widow,1,2,122089.97,12199.05,10,11,7,3,3,97
22950,0,0,1,1,1,1,0,12/10/23,Basic,Married,1,0,128620.64,14978.96,6,3,4,19,6,24
99803,0,1,0,1,0,1,0,8/15/24,Postgraduate,Single,2,2,100657.33,15556.83,7,14,10,18,16,17
54167,1,0,0,1,1,0,0,4/2/25,High School,Married,0,1,108902.62,12320.14,5,12,6,19,7,35
67322,1,1,1,1,0,0,0,5/13/21,PhD,Divorced,2,2,133284.91,14381.55,8,6,3,6,19,91
58782,1,1,0,0,1,0,0,1/27/22,PhD,Widow,2,2,143120.84,14347.41,10,9,6,0,16,13
81791,0,1,0,0,0,0,0,4/19/21,High School,Divorced,2,1,47571.41,1709.64,4,6,8,1,11,57
25644,0,0,1,0,1,0,1,4/29/23,Postgraduate,Widow,2,1,145899.99,1549.14,4,6,9,14,7,81
18768,1,0,0,1,1,0,1,1/27/24,Basic,Married,0,2,91661.62,7855.37,6,8,8,8,4,20
34585,1,0,1,1,0,0,0,2/8/23,Graduate,Separated,0,2,103873.04,13406.86,7,11,1,10,16,28
12449,0,0,0,1,1,0,0,3/17/22,High School,Divorced,1,1,65228.92,19031.01,9,15,8,20,0,14
89005,1,1,0,0,0,1,0,11/9/22,Basic,Widow,1,2,116877.07,981.76,8,11,8,16,14,62
42480,0,1,0,1,0,0,0,7/24/24,PhD,Separated,0,2,37856.62,13571.53,3,13,1,6,17,89
58027,1,0,0,0,1,1,0,8/17/22,Basic,Single,0,1,96970.1,11711.76,3,8,6,12,14,80
58488,1,1,1,0,1,0,0,10/28/22,PhD,Single,2,2,35462.02,17040.9,5,3,4,9,19,11
60059,1,1,1,1,0,1,0,5/11/24,High School,Married,2,1,125612.45,17064.62,4,4,4,20,11,1
54718,0,0,0,0,1,0,0,12/15/23,Graduate,Married,1,2,132175.06,3277.87,2,7,9,8,6,14
40405,0,0,1,0,1,0,0,6/14/21,High School,Separated,1,1,72856.6,13590.26,3,3,4,19,2,24
24956,1,1,1,1,1,0,0,8/31/21,Graduate,Divorced,1,0,30579.83,5300.42,3,13,4,11,4,86
86085,1,1,1,1,1,1,0,2/13/22,Basic,Married,2,2,39836.84,5972.01,2,6,4,20,2,93
84891,0,0,0,1,0,0,0,2/17/23,PhD,Separated,1,2,123023.67,7633.46,3,9,2,14,16,65
24904,0,1,1,0,0,0,0,8/24/24,High School,Widow,0,0,97962.87,11533.34,2,15,5,1,7,97
72033,1,0,0,1,1,0,0,7/24/21,High School,Separated,1,1,86360.91,9365.55,0,1,10,10,3,90
97418,1,1,0,1,1,1,0,10/4/22,Basic,Separated,1,1,146720.89,4846.54,6,11,5,15,15,77
55191,0,0,1,0,0,0,0,7/28/21,Graduate,Married,0,0,48882.88,12239.4,1,7,6,10,3,61
61637,1,1,0,0,1,0,0,8/11/23,High School,Separated,2,0,46166.89,10496.53,9,4,0,5,8,23
77341,1,0,1,0,0,1,0,3/26/22,Postgraduate,Widow,0,0,129643.63,12216.35,9,5,9,16,8,21
70826,1,1,0,0,1,1,0,11/30/21,Basic,Married,2,2,112124.14,16617.03,9,3,2,15,19,76
73661,0,0,0,1,0,0,0,5/15/21,Postgraduate,Separated,1,1,134978.92,14104.03,6,7,7,12,11,75
33011,0,1,0,1,1,0,1,7/4/24,Basic,Divorced,2,2,79037.6,4185.91,0,3,8,0,12,83
28775,0,1,1,1,0,0,0,10/25/24,PhD,Divorced,1,2,80827.39,7630.06,4,12,3,13,17,100
92319,1,0,1,1,1,1,0,6/20/22,Postgraduate,Married,2,0,119737.7,9208.6,2,3,3,16,12,100
61139,1,0,0,1,0,0,0,2/13/23,Postgraduate,Separated,1,0,37689.65,4824.52,1,1,6,12,19,83
77540,1,0,0,1,1,0,0,5/16/23,PhD,Divorced,0,0,124075.13,10455.68,3,5,10,1,11,30
26774,0,0,0,1,1,1,0,8/6/23,Postgraduate,Separated,0,2,31843.98,14220.63,1,9,8,18,11,44
34735,1,0,0,1,1,0,0,7/13/23,Postgraduate,Separated,0,2,38686.32,6237.91,1,8,8,18,8,88
34135,1,1,1,0,1,1,0,2/12/24,PhD,Single,1,0,60938.37,7962.13,3,7,5,13,11,66
17652,0,1,0,1,0,1,0,1/17/23,Graduate,Single,2,0,87186.65,7393.99,9,8,2,6,15,94
81553,0,0,0,1,0,0,0,6/18/21,High School,Separated,1,0,123472.62,2837.63,1,15,9,0,17,5
59219,1,1,1,1,1,1,0,7/10/21,PhD,Divorced,1,0,120020.33,3000.8,8,13,7,17,1,64
26253,1,1,0,1,0,1,0,6/6/24,Basic,Single,2,0,75531.36,2464.58,5,8,2,17,8,30
57699,1,1,1,1,0,1,0,6/16/23,Postgraduate,Divorced,1,1,63555.54,4007.84,2,7,1,8,7,71
61791,1,1,0,0,0,1,0,9/21/24,High School,Widow,1,0,149467.41,17063.1,8,10,7,9,8,71
72454,0,1,0,0,0,0,0,7/17/23,Postgraduate,Single,1,2,70158.78,7538.76,8,8,5,0,13,15
67337,1,0,0,1,1,1,0,9/29/21,Postgraduate,Widow,0,1,103639.65,9543.17,2,5,10,10,13,80
59878,1,0,0,0,1,0,0,5/11/21,Graduate,Divorced,2,2,77454.64,17809.99,5,14,6,5,5,2
45387,0,0,1,0,0,0,0,1/31/23,Basic,Single,1,2,36459.05,15533.21,8,2,1,8,19,19
96459,0,1,1,0,0,1,0,1/14/22,High School,Married,2,0,33428.56,13439.21,5,15,7,17,8,70
62255,1,0,0,1,1,1,1,7/15/22,Postgraduate,Separated,0,0,83023.24,7632.77,4,4,4,0,0,66
32919,0,1,1,1,0,1,1,10/8/21,Postgraduate,Divorced,0,1,125755.77,12141.57,0,11,3,13,17,55
81773,1,0,0,1,1,0,0,10/19/21,Postgraduate,Married,2,2,126908.99,13850.49,4,8,6,6,2,23
80682,0,1,0,1,1,1,0,3/28/22,Postgraduate,Married,1,0,48257.92,19409.47,0,5,1,9,8,16
16423,1,0,0,0,0,0,0,2/21/22,Graduate,Widow,1,1,149755.61,9541.85,0,10,1,4,1,34
79901,1,0,1,0,0,1,0,9/6/22,Basic,Single,2,0,76175.75,19511.96,3,1,3,14,3,66
50946,0,1,1,1,1,0,0,11/2/24,Basic,Separated,2,0,60397.53,12951.14,3,11,0,6,3,30
87540,1,1,0,0,1,0,0,9/29/23,High School,Single,0,2,124017.03,9767.78,9,4,5,2,7,20
52004,1,0,1,0,0,1,0,4/7/22,PhD,Single,0,1,57920.96,19642.68,10,11,7,6,0,88
74882,1,1,0,1,0,1,0,6/28/23,PhD,Divorced,2,2,88811.04,11550.68,8,11,5,14,8,76
20213,0,0,0,1,1,1,0,5/15/21,Postgraduate,Single,2,2,75485.23,4117.92,0,11,9,7,10,92
31907,0,1,0,1,0,1,0,1/2/25,Graduate,Single,0,2,109066.92,1353.66,2,5,0,6,3,62
25990,0,0,0,1,1,1,0,7/9/23,High School,Separated,2,0,31570.33,18460.19,10,15,1,14,20,7
27713,1,1,1,0,1,0,0,8/27/21,Graduate,Single,0,2,41654.31,14640.85,8,12,3,6,16,84
57778,0,0,1,0,1,1,0,9/27/22,Postgraduate,Single,0,0,95995.86,10341.51,10,5,8,19,14,45
68713,1,1,1,1,1,1,0,12/12/21,PhD,Separated,0,1,121884.99,18559.86,4,11,7,14,12,0
43652,0,1,0,0,1,0,0,6/26/22,High School,Married,1,0,122582.77,18895.28,4,4,1,1,14,45
12946,0,0,1,1,0,0,0,3/27/25,Graduate,Single,2,1,98287.79,4740.03,1,10,7,5,15,88
60148,0,1,0,1,0,0,1,7/15/23,Graduate,Divorced,1,1,141629.53,2850.54,3,0,10,20,12,6
42056,1,0,1,0,1,0,0,11/29/23,Postgraduate,Widow,2,2,90567.52,4830.67,4,12,2,4,10,10
16009,1,0,1,1,0,1,0,1/30/25,High School,Married,1,2,53773.02,8208.72,9,6,8,19,16,31
28600,0,0,1,1,1,0,0,11/25/24,Postgraduate,Widow,1,1,52858.77,7218.24,10,0,4,5,11,78
93598,1,0,1,0,0,0,0,7/13/23,High School,Single,0,2,36544.56,19004.35,2,9,0,10,3,39
62925,1,1,0,1,0,0,0,6/8/21,PhD,Divorced,2,1,104765.04,19849.89,10,0,6,18,16,5
61120,1,0,0,1,0,1,0,8/29/24,Basic,Single,1,2,62557.25,17115.62,10,11,1,0,9,83
44430,1,0,1,0,1,1,0,2/22/22,PhD,Single,0,0,90078.1,9430.73,0,1,3,16,9,42
14413,1,1,0,0,1,1,0,6/10/21,Graduate,Married,2,1,127427.14,12702.95,6,0,8,8,7,19
37123,1,1,0,0,1,0,0,5/14/24,PhD,Married,1,1,139168.25,6921.05,8,4,3,20,4,74
39389,0,0,1,0,1,0,0,10/14/21,PhD,Married,1,0,96880.84,18997.73,1,5,5,4,0,97
54019,1,1,1,1,1,1,0,3/7/23,High School,Single,0,0,33143.79,19726.13,9,8,9,18,19,29
48504,0,0,0,1,0,1,0,9/17/23,PhD,Widow,2,2,74875.13,17116.52,7,15,2,5,6,28
48387,0,1,0,1,1,0,0,7/24/23,High School,Married,0,0,141252.38,19719.74,9,15,5,14,7,54
93823,1,0,1,1,1,0,0,10/29/23,Postgraduate,Widow,0,0,92244.32,8214.42,0,12,8,20,1,24
91379,1,1,1,1,1,1,0,2/9/25,Graduate,Separated,0,2,92036.36,3273.67,10,14,1,16,3,23
37819,0,1,1,1,1,0,0,9/15/21,PhD,Married,1,0,60009.88,13988.49,2,3,1,3,14,81
13580,1,0,1,0,1,1,0,10/10/24,High School,Divorced,2,2,133520.7,3661.42,2,5,0,13,9,39
47881,1,1,0,0,0,0,0,4/4/25,Graduate,Single,1,1,132649.33,11098.27,0,15,3,6,18,84
89375,1,1,1,1,0,0,0,10/4/23,PhD,Divorced,2,2,96905.84,16592.42,0,5,2,1,20,44
40223,0,0,0,1,1,0,0,8/8/24,Postgraduate,Married,0,2,64125.67,13388.03,9,5,7,18,11,4
20930,0,1,1,1,1,0,0,5/1/24,PhD,Single,1,1,46145.49,14045.08,4,10,8,13,16,26
28365,0,0,0,0,1,1,0,4/29/22,Graduate,Divorced,2,2,149402.92,7400.14,2,15,8,20,15,63
96025,0,0,1,0,0,0,0,6/15/21,Basic,Married,2,1,79684.94,7008.95,8,6,0,20,6,88
12320,1,1,0,1,1,1,0,8/30/23,Basic,Divorced,1,1,116927.6,12511.87,0,5,3,10,10,86
62240,1,1,0,0,1,0,0,8/16/23,PhD,Divorced,1,1,141334.8,1592.43,8,9,9,10,17,68
36031,0,0,1,1,0,0,0,3/4/23,Basic,Divorced,1,2,94112.78,3736.41,9,12,2,19,3,100
66315,1,1,0,1,1,0,0,2/26/24,High School,Divorced,1,1,55936.79,6395.21,1,11,0,6,2,56
48803,0,1,0,0,1,1,0,8/21/23,PhD,Divorced,1,0,122337.77,2415.91,8,4,3,1,14,49
36985,0,0,1,0,0,1,0,2/3/24,Basic,Single,2,2,119466.57,938.37,4,6,5,6,6,36
94753,1,1,1,0,1,0,0,5/5/22,Basic,Single,2,2,91687.28,4528.26,5,10,4,4,9,73
49295,0,0,0,1,1,1,0,6/17/23,Basic,Widow,2,0,42711.23,1549.1,6,12,2,19,18,80
62391,1,1,1,1,0,0,1,12/19/23,Postgraduate,Separated,0,0,127542.12,18433.94,7,3,7,9,20,90
88174,1,1,0,0,0,1,1,11/1/24,Postgraduate,Married,2,2,69639.35,17285.44,5,14,7,0,2,60
19830,0,1,1,1,0,1,0,11/18/21,PhD,Separated,0,2,42351.87,16442.28,1,10,8,20,2,38
13319,1,1,1,0,0,0,1,1/26/25,Postgraduate,Single,1,0,127669.88,12023.92,6,10,8,7,5,84
66932,0,1,0,1,1,0,0,3/14/22,High School,Divorced,1,0,101791.1,13867.42,9,12,5,15,20,84
52552,0,0,0,0,0,0,0,11/5/24,Postgraduate,Separated,1,1,103868.66,9219.62,3,10,4,18,9,55
10980,1,0,0,1,0,1,0,9/16/21,PhD,Single,0,2,97203.63,19584.58,1,9,0,7,13,89
72991,1,1,1,1,1,1,0,4/25/21,High School,Widow,0,0,96650.59,16944.89,5,13,2,9,4,17
56549,0,0,0,0,1,1,1,8/5/21,High School,Single,0,2,126712.99,17272.98,9,13,9,5,14,65
75405,1,1,1,1,0,0,0,4/28/21,Basic,Separated,1,2,58410,10283.71,6,11,0,1,18,61
74861,1,0,1,0,0,1,0,3/30/25,Basic,Separated,2,0,59427.76,12797.93,10,2,10,20,17,74
78432,1,0,1,0,1,1,0,1/21/23,Postgraduate,Separated,2,1,80521.93,19231.34,4,9,2,1,19,95
35713,1,1,0,1,0,0,0,10/8/21,Graduate,Separated,0,1,88171.22,2973.02,1,8,4,4,19,35
13803,1,1,0,0,0,0,0,9/17/22,Graduate,Married,1,2,58343.51,4025.78,8,1,5,2,4,76
95822,1,0,1,1,1,0,0,2/10/23,PhD,Divorced,1,2,74802.56,13926.03,2,11,9,15,2,2
49188,1,1,1,0,0,1,0,4/11/23,Graduate,Widow,1,2,70890.88,15979.45,3,4,5,20,18,29
95460,0,0,1,1,0,1,0,1/7/25,Basic,Widow,0,2,68598.59,10820.09,7,8,1,14,12,99
52114,0,1,0,1,0,1,0,9/29/22,Basic,Divorced,1,2,87906.37,3349.34,4,10,7,10,19,68
75998,0,0,0,1,0,0,0,3/9/22,PhD,Divorced,0,1,80758.96,16462.44,0,9,4,6,4,37
68155,0,0,1,0,1,1,0,9/24/24,High School,Widow,2,1,96631.72,12079.98,5,3,4,14,8,25
59143,1,1,0,0,1,0,0,3/16/23,Graduate,Separated,1,1,47010.34,16720.18,6,0,10,13,20,41
33373,1,0,1,0,1,1,0,3/20/24,PhD,Single,2,0,116733.2,14416.45,7,2,1,4,4,13
59480,0,0,0,1,1,1,0,5/27/22,Graduate,Single,1,1,95413.37,10731.25,10,12,2,17,2,26
51856,1,0,0,1,0,0,0,1/6/24,PhD,Single,0,2,131147.18,4897.64,0,1,3,7,4,17
59521,1,1,1,1,0,1,0,6/17/23,Postgraduate,Separated,0,0,54014.93,1202.11,3,15,0,11,2,74
81955,1,0,1,0,0,0,1,4/21/24,PhD,Divorced,1,2,74916.07,8074.19,3,8,5,6,10,33
79366,1,0,1,1,0,1,0,11/10/21,PhD,Widow,0,0,43523.22,8055.32,1,6,3,18,9,88
28596,0,1,1,1,0,0,0,9/18/22,Graduate,Married,2,0,67188.19,4720.26,2,10,3,15,12,92
47653,1,1,1,0,1,1,0,10/14/23,Graduate,Married,0,2,42871.39,505.28,0,1,0,8,0,38
96658,1,1,0,0,0,1,0,2/2/22,High School,Widow,2,1,39131.94,8641,0,9,0,3,9,18
21751,1,1,0,0,0,1,0,7/16/21,Basic,Single,2,0,84629.35,17785.58,8,8,4,0,18,61
72706,0,0,0,0,1,1,0,4/20/21,Postgraduate,Widow,1,1,51002.75,758.75,0,2,4,9,15,25
52792,1,0,1,0,0,1,0,3/11/25,Basic,Separated,1,2,144257.57,10026.29,3,1,4,11,2,76
74804,1,1,1,0,1,1,0,8/24/22,PhD,Married,1,2,106717.7,8436.53,9,12,5,14,11,98
90187,1,0,1,1,1,1,0,9/26/23,Graduate,Married,1,1,107455.7,9289.99,8,5,0,10,16,80
77495,0,1,0,0,0,1,0,3/13/25,Postgraduate,Single,2,2,35037.41,2524.4,0,8,8,5,7,87
28142,1,1,0,1,1,1,0,6/25/24,Postgraduate,Married,2,1,119979.16,13912.12,1,7,10,20,14,19
80151,0,0,0,1,0,0,0,9/27/21,Graduate,Married,1,1,129027.83,11068.35,1,6,0,0,0,37
66896,0,0,0,0,0,1,0,2/5/25,Basic,Widow,1,2,78360.1,14107.46,4,10,6,11,6,38
85765,1,1,0,1,0,1,0,5/24/22,Basic,Divorced,2,1,133340.98,7983.23,8,3,6,18,19,44
96454,1,0,1,0,1,0,0,6/29/23,PhD,Single,0,0,116913.44,14454.37,1,14,6,10,7,77
58535,1,0,1,1,1,0,0,11/26/21,Basic,Single,2,0,101211.49,13667.23,0,14,1,16,5,59
63040,1,1,0,1,0,1,0,12/19/22,Postgraduate,Divorced,0,0,64834.4,6962.6,1,4,1,6,15,62
43816,0,0,1,0,1,0,0,2/8/23,High School,Divorced,2,2,131464.61,4960.28,7,3,1,5,4,16
77180,0,1,1,1,1,0,0,6/10/21,Graduate,Separated,0,1,86838.96,5938.59,8,13,1,2,2,33
29557,1,1,1,0,0,0,0,12/14/23,Basic,Separated,0,2,53582.05,13367.31,8,11,8,8,15,8
82092,0,1,0,0,0,0,0,3/3/24,High School,Widow,0,1,37199.28,15867.7,1,8,9,16,0,38
20329,0,1,0,1,0,0,0,5/5/23,Postgraduate,Widow,0,0,50690.16,11284.13,10,2,2,4,16,18
68782,0,1,0,0,0,1,0,4/26/22,Graduate,Married,1,1,37160.76,8921.49,5,12,0,6,11,50
29018,1,0,0,1,1,0,0,9/23/23,PhD,Divorced,1,0,81928.98,1102.82,1,2,2,20,1,47
88272,1,1,1,1,1,1,0,10/17/22,PhD,Divorced,1,1,91372.8,8028.83,9,4,7,10,2,88
83137,1,1,0,1,1,1,0,2/23/24,PhD,Separated,0,1,141218.38,6821.2,3,6,5,9,6,42
17890,1,1,1,1,0,0,0,10/14/21,Graduate,Married,2,2,73378.43,11084.13,5,6,7,18,16,22
31458,0,1,0,0,1,0,0,2/2/24,Postgraduate,Divorced,0,1,88121.2,5779.44,9,14,8,10,4,32
14009,0,1,0,1,1,0,0,10/18/23,Graduate,Widow,1,2,100030.03,5903.29,9,13,3,8,1,54
49971,1,0,1,1,1,1,0,9/18/21,High School,Single,1,0,34924.15,1870.46,1,8,2,3,13,26
28259,0,0,0,0,1,1,0,3/15/23,High School,Married,0,2,102439.36,15158.67,8,11,3,4,0,70
31562,1,0,0,1,0,0,1,12/19/23,Basic,Separated,2,2,147440.7,5759.72,7,3,1,7,13,28
63919,0,1,0,0,0,1,0,9/21/23,High School,Divorced,1,2,133307.43,17067,7,6,3,3,2,52
61273,1,1,0,1,1,0,0,11/4/21,Graduate,Married,2,1,82398.03,17565.36,5,10,0,15,16,78
70501,1,1,0,1,0,0,0,9/16/21,Postgraduate,Married,1,0,56151.4,7388.68,4,7,4,7,12,76
97068,1,0,0,0,1,0,0,10/26/21,Graduate,Divorced,1,0,88914.9,14621.48,6,2,6,8,11,29
17281,1,1,1,1,0,0,0,4/18/22,PhD,Separated,2,2,127217.06,16995.1,6,11,0,7,2,90
43167,0,0,0,1,0,1,0,9/22/24,Graduate,Married,1,1,134521.05,4127.39,6,9,2,16,2,29
14549,0,0,0,1,1,1,0,2/8/23,High School,Single,0,2,115503.49,1813.95,1,8,2,17,3,99
59388,1,1,0,0,0,0,0,12/20/23,Graduate,Married,1,2,127596.69,10267.81,0,12,2,5,1,60
40376,0,0,0,1,1,1,0,1/26/22,High School,Single,2,0,49450.43,12317.21,0,2,6,4,0,36
70636,1,1,1,1,1,1,0,8/29/22,PhD,Widow,1,2,142424.41,3754.46,7,4,0,6,2,76
77308,1,1,0,1,1,1,0,2/3/22,Basic,Divorced,1,0,120037.36,4703.62,10,4,7,18,4,83
65853,1,1,0,0,0,0,1,8/8/23,Graduate,Widow,1,1,115546.83,7745.56,3,14,2,13,1,31
10712,0,0,1,1,0,1,0,2/24/25,Postgraduate,Widow,0,2,65274.12,16511.34,8,15,0,15,2,45
47267,1,0,1,0,0,0,0,8/22/22,PhD,Divorced,0,0,91140.8,12798.15,5,0,7,12,10,78
87812,1,1,1,1,1,0,0,12/31/23,PhD,Single,1,1,82008.98,10522.45,10,2,2,12,10,84
38751,1,1,0,0,0,0,0,12/18/22,Graduate,Widow,0,0,35281.61,736.24,2,6,6,18,6,53
43704,0,1,1,0,0,0,0,9/15/23,Basic,Divorced,2,1,124441.46,4772.34,2,15,1,2,14,43
52426,1,1,1,1,1,0,0,4/2/23,PhD,Separated,2,1,126742.68,15676.77,3,7,0,13,15,34
41384,1,1,1,1,0,1,0,6/3/22,Graduate,Single,0,2,56835.03,15777.79,3,14,2,3,17,64
86869,1,1,1,1,1,1,0,1/25/24,High School,Separated,1,2,37958.47,6622.16,0,13,6,13,4,53
39818,1,0,1,1,0,1,0,2/8/22,Postgraduate,Widow,2,0,78638.12,17064.28,4,7,9,5,10,20
44176,1,1,0,0,0,0,0,2/2/24,Basic,Married,2,1,89117.82,2300.14,10,4,0,0,15,22
97972,0,0,1,1,1,0,0,6/11/23,Graduate,Divorced,0,0,149557.86,2105.74,0,0,3,5,12,62
99977,0,1,1,0,1,0,0,8/11/24,PhD,Divorced,0,2,123129.02,10540.38,7,7,4,1,12,43
52421,0,1,1,1,1,1,0,12/29/21,Postgraduate,Widow,0,1,109950.64,4605.67,7,4,2,1,2,7
11452,0,0,0,1,0,0,0,10/12/23,Graduate,Divorced,2,1,99512.44,14513.49,6,13,1,20,17,93
48477,1,0,1,0,1,0,0,7/6/24,Graduate,Single,0,0,130934.56,16170.73,6,5,7,14,12,100
98752,1,1,0,1,1,1,1,4/10/24,PhD,Married,0,0,144514.75,8608.12,7,10,2,1,4,30
40201,1,1,0,0,1,0,0,7/27/24,Graduate,Divorced,2,1,70461.58,2539.65,8,6,3,4,10,87
22186,1,1,0,1,0,1,1,5/14/22,PhD,Separated,1,2,149614.81,9400.51,4,10,0,13,18,80
95598,0,1,1,1,0,1,0,6/3/24,High School,Widow,1,1,136981.58,17117.21,3,8,6,8,0,67
62372,0,0,0,1,0,1,0,7/12/21,Basic,Single,1,2,127730.96,11157.65,6,0,8,20,9,98
77227,0,1,0,1,0,0,1,7/24/23,Postgraduate,Separated,2,1,51268.41,13294,0,13,1,10,20,31
68304,1,0,0,0,1,0,0,4/8/23,Graduate,Widow,0,1,54491.2,3696.19,1,9,4,17,17,81
50206,0,0,0,0,0,0,0,10/16/23,Graduate,Married,0,1,70503.58,10259.03,8,14,8,3,15,85
80343,1,0,1,0,1,0,0,3/31/22,High School,Separated,1,2,32187.31,18320.66,1,2,2,4,10,20
69006,0,1,1,0,1,1,0,10/30/24,Postgraduate,Single,2,1,55483.2,4207.8,10,15,9,2,7,84
43898,1,1,1,1,1,0,0,2/23/23,Basic,Widow,0,0,98512.72,833.87,10,11,10,10,13,95
59486,0,1,1,0,0,0,0,8/30/21,PhD,Single,2,0,86811.58,11294.91,8,10,1,19,1,100
47233,1,0,1,1,1,0,0,3/3/23,Basic,Divorced,2,0,113508.81,16406.02,2,8,5,13,2,67
40819,1,0,1,1,1,1,0,1/18/22,Graduate,Divorced,0,2,41169.15,3179.78,8,3,5,3,3,33
92949,1,1,0,0,0,0,0,9/20/24,Graduate,Divorced,2,2,139556.79,2053.43,8,9,8,9,3,51
57388,0,1,1,0,1,1,0,8/4/23,High School,Single,0,2,30481.13,17882.35,0,15,5,12,17,13
90268,1,0,0,0,1,0,0,12/24/23,PhD,Single,2,0,86437.88,14710.6,2,5,10,16,7,52
61889,0,1,0,1,0,0,0,3/19/22,PhD,Widow,0,2,65124.76,3156.1,9,13,9,9,8,31
57525,0,1,1,1,0,0,0,5/12/23,High School,Divorced,2,0,99193.92,16381.7,9,3,10,7,4,91
13102,0,0,0,0,0,1,0,4/10/24,High School,Divorced,0,2,30338.12,4599,1,0,6,3,10,26
27484,1,0,0,0,1,1,1,8/7/23,Postgraduate,Separated,2,1,83209.41,4430.2,10,4,3,12,11,24
35721,0,1,1,1,1,0,0,8/11/21,Postgraduate,Widow,0,0,123767.17,16756.96,7,9,3,13,3,36
25894,0,1,1,0,1,0,0,8/1/24,PhD,Single,2,1,71741.16,13062.88,7,6,4,15,12,34
91287,0,1,0,1,0,0,0,10/19/22,Postgraduate,Widow,0,2,91163.73,18712.54,1,8,5,16,8,88
91382,0,1,1,1,0,0,0,4/6/24,Basic,Married,1,1,127165.22,15275.87,10,5,10,15,16,0
30385,0,0,1,1,1,0,0,8/7/24,High School,Single,2,1,116505.69,8784.55,4,6,10,12,19,72
83937,1,0,1,1,0,0,0,12/29/24,Graduate,Divorced,1,0,93898.32,10116.44,6,0,1,3,18,17
58794,0,1,0,0,1,1,0,11/3/21,Basic,Single,2,2,82953.74,3146.56,3,6,5,3,1,32
19126,0,1,0,1,1,0,0,10/1/22,High School,Separated,0,0,126649.9,15926.44,8,7,0,15,8,69
36337,0,0,1,0,1,1,0,9/28/21,PhD,Separated,0,2,63320.4,8828.56,5,11,7,17,5,3
58401,0,0,1,0,0,0,0,5/1/22,Basic,Married,0,0,53717.36,6252.5,0,14,3,19,4,4
18913,0,0,1,1,1,0,0,2/18/22,High School,Widow,1,0,50565.02,1185.03,2,13,1,2,5,27
65070,0,0,1,0,1,0,0,8/24/21,High School,Divorced,2,2,115646.68,17734.66,8,10,7,5,19,68
99372,0,1,1,0,1,1,0,4/28/23,PhD,Married,2,0,53552.36,6262.92,8,14,1,18,3,88
52705,0,0,0,0,1,1,1,8/22/24,PhD,Married,0,2,51575.11,17578.08,2,7,0,16,19,69
18081,0,0,0,1,0,1,0,7/25/24,PhD,Married,0,0,81326.48,17079.78,3,4,3,20,2,66
10880,0,1,0,1,0,1,0,12/11/23,Graduate,Divorced,0,0,121857.53,15710.93,10,0,0,2,10,21
93129,0,0,0,1,0,1,0,6/17/21,PhD,Divorced,0,2,119816.61,12294.98,2,11,5,12,3,64
62659,1,1,1,0,0,0,0,3/6/25,PhD,Separated,1,1,88936.7,18249.95,1,4,2,9,16,79
20950,0,1,1,1,0,1,0,4/16/24,Basic,Separated,0,0,109444.45,17772.96,6,11,10,10,2,46
35857,1,0,1,1,0,0,0,10/4/22,Graduate,Separated,0,1,74347.96,1455.46,4,5,9,12,1,70
93936,0,1,0,1,0,0,0,9/30/23,PhD,Separated,1,2,72609.25,19975.45,9,5,2,2,1,34
37805,0,0,1,1,0,0,0,11/25/22,Graduate,Married,2,1,89813.67,18652.55,8,6,6,6,16,82
71316,0,1,1,0,0,0,0,5/18/21,Postgraduate,Separated,2,1,117118.75,10673.61,10,9,6,9,5,2
46780,0,1,0,1,1,0,0,4/19/21,Graduate,Single,1,0,128644.43,6186.69,10,12,2,11,11,96
46887,1,0,0,1,0,1,0,6/28/21,High School,Divorced,0,2,32791.69,2149.83,6,9,6,8,9,65
31273,0,0,0,1,0,0,0,11/15/24,Graduate,Divorced,2,0,85881.92,16719.19,0,10,0,9,20,7
21078,1,0,0,0,0,1,0,1/28/25,PhD,Divorced,2,1,136017.63,2882.52,3,4,1,2,3,91
92658,1,1,0,0,0,0,0,4/20/24,High School,Widow,0,0,78599.34,6798.89,3,1,6,1,2,10
51728,1,1,1,0,1,1,0,6/26/24,PhD,Single,0,0,55044.43,1018.1,0,3,5,13,3,70
82524,0,0,0,1,1,1,0,6/29/22,Postgraduate,Divorced,2,1,128764.91,12123.41,6,0,9,6,12,47
26547,1,0,0,0,1,0,0,2/9/25,PhD,Separated,1,0,94707.52,4903.96,6,15,5,0,18,17
21562,1,0,0,0,0,0,0,4/4/24,Postgraduate,Divorced,1,1,80192.28,2298.38,0,9,2,16,17,52
55145,0,1,0,1,0,1,1,12/22/21,Postgraduate,Widow,2,0,92320.71,2371.71,2,13,0,1,6,7
43448,0,1,1,1,0,0,0,1/23/25,Postgraduate,Single,1,2,55542.41,19079.34,3,8,5,11,1,55
62766,0,1,0,1,1,1,0,1/10/23,High School,Separated,0,2,129766.98,6162.82,0,3,3,9,17,0
66730,1,0,1,1,0,1,0,5/31/24,PhD,Separated,0,1,35534.47,5058.08,5,3,0,3,11,57
93742,0,0,1,0,1,1,0,11/22/23,Basic,Widow,1,2,126878.98,8355.67,9,13,9,18,12,99
38101,1,1,0,1,0,1,0,6/8/21,PhD,Married,0,1,97840.78,6240.95,8,9,9,19,6,22
33087,0,0,0,0,1,0,0,5/16/21,Postgraduate,Widow,2,2,145275.36,1568.06,9,0,8,15,4,50
94670,0,1,1,0,1,0,0,11/8/21,Graduate,Separated,2,0,92399.25,4797.75,10,11,10,7,16,17
72238,0,1,0,1,1,0,1,10/31/22,PhD,Separated,1,1,33592.79,16189.41,2,12,9,11,17,86
60265,0,1,1,0,1,1,0,7/15/22,Basic,Married,0,2,87831.49,8806.1,10,4,3,16,10,73
52893,1,0,1,0,1,1,0,2/17/22,High School,Separated,1,2,62628.17,18030.38,0,5,7,7,0,0
10124,1,1,1,0,0,0,0,11/20/24,Postgraduate,Separated,0,0,39745.69,4269.99,9,10,0,1,2,48
71590,0,1,0,1,0,1,0,4/2/25,Postgraduate,Married,2,2,53507.94,11858.02,7,13,10,4,1,93
15860,1,0,1,1,0,1,0,8/11/21,PhD,Divorced,1,0,36981.84,18887.15,2,12,6,4,19,17
89523,1,0,0,1,1,1,1,3/24/24,High School,Separated,2,2,38015.29,15665.93,0,12,8,17,8,8
27820,0,0,0,1,0,0,1,8/30/23,Graduate,Divorced,2,0,54314.23,18358.48,6,3,7,17,2,59
38792,0,0,0,0,0,0,0,12/9/24,Basic,Married,1,0,129020.08,19601.11,5,4,7,15,17,73
42301,1,1,0,0,0,1,0,3/30/23,PhD,Divorced,1,1,101106.6,14656.74,2,10,0,4,12,37
20917,0,0,1,1,1,0,0,9/8/22,High School,Divorced,0,1,86447.76,2611.51,2,14,7,16,5,23
53373,0,0,0,0,1,0,0,11/7/22,High School,Divorced,2,1,50594.35,11149.44,7,14,3,13,7,69
22532,0,0,0,1,1,0,0,11/19/22,PhD,Widow,2,0,89139.13,14204.98,8,13,6,3,14,61
12608,0,1,1,0,1,0,0,10/20/24,Basic,Divorced,0,1,94874.48,2144.87,2,5,3,20,11,41
83512,0,0,1,1,0,1,0,11/25/23,Postgraduate,Single,2,1,78592.16,3431.64,1,5,1,18,4,41
23529,1,1,0,1,0,1,0,9/30/24,PhD,Divorced,2,0,144370.43,2974.04,0,10,0,19,7,84
59651,1,1,1,0,1,1,0,5/15/22,PhD,Separated,2,2,37922.07,2138.28,5,14,10,17,16,58
12098,0,1,0,1,0,0,0,11/26/22,Postgraduate,Widow,1,1,53518.65,15497.59,10,5,0,19,14,35
84413,1,0,0,1,1,1,0,12/14/23,High School,Separated,2,1,90696.66,14511.52,2,4,5,16,18,25
56532,1,0,1,0,1,0,0,8/16/23,High School,Divorced,0,2,62319.27,1083.01,5,12,6,19,10,87
58133,1,0,0,0,0,1,0,2/22/23,High School,Divorced,1,1,60144.69,18717.5,6,14,9,12,6,17
55235,1,1,0,0,0,1,0,3/12/22,High School,Married,2,2,142144.36,7133.63,2,8,1,10,5,68
40055,1,1,0,1,1,0,1,11/28/21,High School,Widow,2,0,134200.12,4834.27,8,11,1,7,16,13
78955,1,1,1,0,1,1,1,2/4/24,PhD,Divorced,0,2,68452.97,10011.48,10,9,4,7,0,24
98307,1,0,0,0,1,1,0,2/5/24,High School,Separated,2,1,99837.24,5748.11,0,2,5,6,12,39
38079,0,1,1,1,0,1,0,10/21/22,High School,Single,0,2,50821.16,12577.9,3,13,7,16,3,30
54476,1,1,1,0,0,1,1,11/14/21,High School,Single,1,0,34223.06,7400.26,7,12,9,16,3,89
17112,1,0,0,1,0,1,0,10/24/22,High School,Separated,2,2,132774.41,7292.17,2,4,5,17,13,53
71423,0,1,1,1,1,1,0,6/27/24,High School,Married,1,2,70546.86,7077.06,10,8,8,20,10,93
59964,1,1,1,1,0,0,0,4/13/23,PhD,Single,0,2,81372.87,6979.75,2,0,0,1,4,39
96040,1,0,0,0,0,0,0,10/17/24,Basic,Divorced,1,0,55001.27,6817.54,7,1,8,6,20,81
44330,1,0,0,1,1,1,0,7/18/21,PhD,Separated,1,1,100372.02,19904.46,7,4,7,7,13,57
43775,1,1,1,0,0,0,0,6/23/21,PhD,Married,1,1,55098.1,19194.49,8,6,2,17,3,94
75163,0,0,0,0,0,0,0,12/25/24,Basic,Divorced,2,0,37078.14,14896.78,1,7,6,8,15,20
41381,0,1,1,0,0,1,0,10/30/24,Basic,Widow,0,0,137982.2,9861.55,5,8,5,17,20,34
58262,1,0,1,0,0,1,0,11/15/23,Basic,Separated,2,2,84428.79,18043.2,8,7,1,12,1,70
11640,0,1,0,1,0,0,0,10/14/24,High School,Married,1,2,117396.41,18553,10,5,0,10,5,22
93859,0,0,1,0,0,1,0,5/25/22,PhD,Single,2,1,58352.65,11237.85,3,5,5,20,11,89
83269,0,0,1,1,1,1,0,12/31/24,Postgraduate,Widow,0,0,126989.02,6151.93,0,10,4,8,18,99
64849,1,0,0,1,1,0,0,5/14/22,High School,Widow,0,0,36652.5,5306.54,9,14,8,15,3,27
41851,1,1,0,0,0,0,0,12/22/22,Basic,Married,1,1,117504.37,14659.13,0,6,2,1,1,33
96418,1,1,1,1,0,1,0,12/5/23,Graduate,Married,0,2,94198.75,18523.9,0,6,0,8,9,30
98804,1,0,1,0,1,0,0,12/19/23,High School,Married,2,2,137824.77,17418.05,0,4,10,18,5,99
85102,1,0,0,1,0,1,0,5/2/23,PhD,Married,0,2,128789.9,18277.26,9,13,7,2,6,87
92866,1,0,0,0,1,0,0,9/30/24,High School,Single,0,0,44169.51,13892.33,7,13,7,4,1,14
88600,0,0,0,1,1,0,0,4/2/22,High School,Single,0,2,116600.48,9206.57,5,14,3,6,19,95
57987,0,0,1,0,1,1,0,8/8/22,PhD,Single,2,0,84641.19,17599.01,4,3,2,9,5,12
41164,0,1,0,1,0,1,0,5/10/22,PhD,Divorced,0,0,101558.79,7823.75,0,6,5,11,12,8
49921,0,0,1,0,1,0,0,8/6/24,High School,Widow,0,0,63055.43,8765.31,5,10,8,11,12,39
74097,0,0,0,1,0,0,0,11/22/22,Postgraduate,Single,1,0,73418.71,3658.1,3,15,4,1,5,76
16188,0,1,0,1,1,0,0,12/23/24,High School,Married,1,2,108011.31,18071.84,5,10,4,5,20,82
50228,0,0,1,0,0,0,0,11/18/24,PhD,Divorced,1,1,97731.39,15484.04,7,11,6,9,19,8
78755,1,1,1,1,1,1,0,12/12/23,High School,Divorced,1,0,46423.1,16296.71,7,13,0,3,1,71
59017,0,0,0,0,0,0,0,8/5/21,Postgraduate,Separated,0,0,83919.09,5885.31,1,15,2,13,16,5
50337,0,0,1,1,0,0,0,10/3/24,Basic,Divorced,2,0,85614.64,4311.97,0,13,7,3,7,6
83753,1,0,1,0,0,1,0,3/4/25,PhD,Divorced,1,1,53939.34,8312.03,1,6,0,0,18,55
55138,0,1,1,1,1,1,0,8/8/21,Postgraduate,Single,0,0,97350.94,7008.37,10,6,9,12,5,56
44543,1,1,1,1,0,0,0,11/30/23,Basic,Separated,0,0,113937.27,9762.57,0,1,4,12,13,54
19197,0,1,1,0,0,0,0,2/10/24,PhD,Widow,2,1,44918.81,5420.17,0,8,9,7,17,98
10920,0,1,0,1,0,0,0,2/23/22,High School,Single,1,2,103061.91,1239.01,9,9,10,19,15,50
97894,1,0,0,0,1,1,0,3/22/23,Postgraduate,Widow,2,2,119988.81,2490.08,6,3,2,6,15,36
16075,0,1,1,1,0,0,0,4/16/23,Graduate,Widow,0,0,118436.16,19357.3,10,9,9,18,3,78
20742,1,0,0,1,0,1,0,4/4/22,High School,Single,0,1,36117.7,9484.46,8,5,1,2,13,7
25803,0,0,1,0,0,0,0,1/21/22,PhD,Separated,2,2,90534.81,19864.5,9,14,2,3,2,56
88108,0,1,0,0,1,1,0,7/11/24,High School,Married,0,1,143616.38,17727.11,8,7,9,14,16,47
15923,1,0,0,0,0,1,0,7/4/22,Postgraduate,Widow,1,1,109990.08,16661.81,2,6,6,18,2,38
72416,1,0,0,0,1,1,0,4/11/25,PhD,Widow,2,2,48052.44,14661.01,6,15,10,20,1,34
84622,0,1,0,0,1,0,0,10/16/23,Postgraduate,Single,1,1,35282.54,18041.95,10,7,2,15,9,86
81811,0,1,1,1,0,1,0,6/30/23,Postgraduate,Married,1,2,35420.11,12292.56,6,9,9,12,12,69
65346,0,1,1,0,1,1,0,8/13/21,High School,Single,1,0,48353.91,7091.35,6,4,2,11,18,97
43967,0,1,1,0,0,0,0,3/25/24,Postgraduate,Separated,2,2,57354.25,1301.21,6,4,4,12,15,19
22472,1,0,1,0,0,0,0,9/17/24,High School,Single,2,2,59794.22,13393.03,9,5,3,13,3,29
63924,0,1,1,0,1,0,1,3/7/23,Basic,Divorced,1,2,91325.23,8311.86,0,5,5,8,9,63
43078,0,1,0,0,1,1,0,8/9/21,High School,Divorced,1,0,124523.76,8619.62,1,15,7,2,16,16
40274,1,0,0,1,1,0,0,12/23/21,Basic,Widow,1,1,92036.59,19907.89,3,10,9,5,12,80
55767,1,1,1,0,1,1,0,6/16/21,PhD,Widow,2,1,112642.7,17401.28,5,10,9,8,10,84
67736,0,0,0,0,0,0,0,12/3/21,Postgraduate,Divorced,0,2,141449.8,17838.5,0,11,1,2,15,10
94590,1,0,0,1,0,1,0,6/20/22,Postgraduate,Married,0,2,99512.26,6889.25,9,1,6,15,0,6
91952,0,1,0,1,1,0,0,5/23/22,Postgraduate,Widow,2,1,124262.06,14940.92,8,13,6,15,13,6
22256,1,1,1,0,0,1,0,11/30/21,Graduate,Widow,1,1,94502.15,1069.09,7,9,5,7,6,100
78636,0,1,0,0,1,1,0,2/23/23,Postgraduate,Married,2,0,122450.96,7061.89,4,1,1,12,20,42
45203,1,0,0,0,1,0,0,3/23/25,Basic,Married,0,1,51725.27,15359.71,7,13,7,15,9,51
14779,0,1,0,1,0,0,0,5/21/21,Graduate,Single,0,1,139286.27,17109.84,4,12,0,0,17,1
38851,0,1,1,1,1,0,0,7/8/23,Basic,Married,2,2,135897.43,7488.12,0,8,7,4,13,33
21147,0,1,0,0,0,0,0,7/27/24,PhD,Divorced,0,2,121166.66,9835.08,3,13,5,18,12,96
53593,0,1,1,0,1,1,1,9/5/22,High School,Divorced,0,0,110609.9,14046.96,3,10,4,11,8,6
29482,0,1,1,1,1,1,0,11/27/22,Graduate,Married,0,0,43368.44,18917.05,2,14,4,17,19,97
44447,1,0,1,1,1,0,0,8/2/24,Graduate,Married,1,0,33684.61,17418.39,8,12,10,5,2,60
25654,1,0,0,0,1,0,0,8/31/22,Graduate,Divorced,2,2,53323.43,8038.95,3,10,8,16,4,34
21947,0,1,0,1,0,0,0,6/5/23,Basic,Separated,0,2,134710.44,9090.56,8,9,8,2,13,44
25399,0,1,1,1,1,1,0,9/28/21,Basic,Separated,0,2,135480.98,13924.46,7,6,7,17,3,1
84547,1,0,0,0,1,1,0,1/16/24,Postgraduate,Separated,2,2,81070.19,11933.35,8,4,9,1,9,40
38921,1,0,1,0,1,1,0,10/13/22,Graduate,Widow,0,0,127226.86,17306.03,9,12,4,5,8,16
30142,0,0,1,0,0,0,0,9/18/23,Basic,Married,0,2,109143.72,10249.4,6,5,9,6,5,66
35269,0,0,0,0,0,0,0,10/31/24,Basic,Married,0,0,136675.64,817.41,8,12,7,13,12,14
77893,0,0,1,1,0,0,0,2/25/25,Graduate,Married,1,1,125623.15,6130.9,3,9,5,20,7,82
33994,0,0,1,1,1,0,0,6/23/22,Graduate,Widow,2,1,129846.9,15907.06,0,0,3,0,14,96
71018,1,0,0,1,1,1,1,12/28/22,PhD,Widow,1,0,69768.89,18107.32,0,13,6,12,13,34
62102,0,0,0,1,1,1,0,3/20/22,Basic,Married,1,0,126931.54,11062.25,1,12,9,18,8,98
77731,1,0,0,1,0,1,0,1/29/25,High School,Divorced,2,0,75350.48,14649.5,9,12,2,12,19,58
78905,0,0,1,0,1,1,0,4/25/24,Basic,Divorced,0,1,126342.09,8860.71,5,14,1,18,14,48
13638,0,0,0,0,0,0,0,4/7/22,Graduate,Widow,2,2,99277.47,16705.22,2,12,0,9,2,70
31161,0,1,0,0,1,1,0,12/8/21,Graduate,Single,1,1,84830.18,14268.29,10,4,7,9,12,77
71873,0,0,0,0,1,0,0,6/20/21,PhD,Widow,0,1,61952.54,3673.02,9,15,5,16,18,9
12744,1,0,1,1,1,0,0,9/12/24,PhD,Divorced,2,1,74741.81,16752.06,0,10,6,16,4,0
49269,0,0,1,1,0,0,1,3/16/25,Basic,Single,2,1,56346.88,14230.47,5,13,4,1,14,21
97647,0,0,1,1,0,0,1,4/17/23,PhD,Divorced,2,1,30606.82,2234.71,8,5,2,8,14,30
93253,0,0,1,0,1,1,0,11/28/22,Basic,Single,1,2,106977.65,15184.63,0,2,1,18,11,0
57849,0,1,0,0,1,0,0,4/29/23,Basic,Divorced,0,1,36388.81,11605.48,3,1,0,14,2,55
34542,1,0,0,1,1,0,0,2/19/25,PhD,Divorced,2,2,69267.46,6214.19,10,4,9,16,14,52
24254,0,1,1,0,1,1,1,6/3/23,Basic,Widow,2,0,145120.34,15964.11,8,4,7,6,9,68
18795,0,0,0,0,1,1,0,1/26/24,Graduate,Separated,2,2,78393.8,13849.75,1,14,4,6,11,56
80330,1,0,1,0,1,0,0,2/17/24,Graduate,Separated,1,0,119439.83,9232.19,9,7,4,9,17,64
82767,0,1,0,1,0,1,1,11/17/21,Graduate,Widow,0,2,35691.94,7012.85,7,14,4,1,12,46
97534,1,1,1,0,1,1,0,9/3/21,PhD,Married,2,0,101287.99,11046.42,5,10,1,1,15,80
26349,1,0,0,0,0,0,1,11/9/24,Postgraduate,Separated,1,0,102123.24,13890.22,2,10,4,14,12,6
15210,0,0,0,1,1,0,0,7/13/22,Graduate,Single,2,0,149785.31,17912.89,10,4,2,14,10,100
12107,1,0,0,0,1,0,0,1/23/23,Basic,Divorced,0,2,141660.17,18176.86,5,8,7,20,19,43
87983,0,1,1,0,1,0,0,1/4/24,High School,Married,1,2,96089.34,18649.63,9,11,10,0,7,85
35899,0,0,0,1,1,0,1,2/8/23,Basic,Married,2,2,44222.1,5909.97,2,1,3,13,1,64
40719,1,0,0,1,0,0,1,9/25/22,Graduate,Separated,2,0,145181.32,7503.9,3,11,10,18,10,18
13727,0,1,1,0,0,0,0,6/16/22,Postgraduate,Separated,2,0,107295.04,8256.78,6,1,1,17,12,91
20550,1,1,1,0,0,1,0,2/14/25,High School,Married,2,0,98433.12,6135.03,9,11,3,0,0,50
21762,1,1,1,0,1,1,0,2/16/22,High School,Divorced,0,0,89187.63,19714.68,5,8,2,12,5,36
77944,0,1,1,0,0,0,0,8/21/22,PhD,Married,0,0,66925.83,17192.22,1,0,0,18,1,82
39640,1,0,1,0,0,1,0,12/9/24,High School,Single,0,0,40606.35,8155.35,3,4,9,0,9,86
77186,1,1,1,1,1,0,0,3/2/25,PhD,Separated,1,1,50098.45,1405.31,3,13,10,5,0,88
60644,0,1,1,1,0,0,0,8/7/22,Postgraduate,Single,2,2,45129.88,18192.95,1,2,5,5,7,91
55069,0,0,0,1,0,0,0,7/1/22,PhD,Married,0,1,138828.52,10726.44,1,15,0,11,18,12
57238,1,0,0,1,0,1,0,9/10/24,PhD,Single,2,2,135686.95,11595.01,7,15,2,3,12,71
66758,0,0,1,0,1,0,0,9/13/22,Postgraduate,Separated,0,2,139033.78,9852.04,2,8,5,9,1,84
82938,0,0,0,1,0,0,0,7/17/22,PhD,Married,2,1,94398.55,12692.81,3,4,10,4,1,32
24029,0,1,1,1,1,0,0,11/29/23,PhD,Single,0,1,146872.57,19152.89,9,6,0,4,20,94
16322,0,0,0,0,0,1,1,7/22/23,High School,Married,0,0,116032.74,10211.53,2,3,3,11,6,5
89478,0,0,1,1,0,1,0,7/10/23,High School,Single,2,0,71332.12,15964.42,3,14,7,14,11,50
63043,0,0,0,0,0,0,1,10/29/21,Basic,Widow,2,2,147393.62,1943.54,4,12,9,1,5,74
15353,0,0,0,1,0,1,0,10/11/24,Postgraduate,Widow,0,0,98098.69,16128.44,3,3,6,15,0,64
92216,0,1,1,1,1,1,0,11/7/24,Basic,Widow,0,2,77280.15,3482.95,9,12,5,11,1,38
73541,1,1,1,0,1,1,0,5/15/21,High School,Divorced,2,0,116073.57,11567.28,5,0,4,20,19,48
15719,0,1,0,0,0,1,0,7/26/21,Basic,Single,1,0,60687.17,15823.69,10,4,5,20,17,89
64416,1,1,0,0,0,1,1,10/20/22,PhD,Separated,0,2,104732.96,8447.5,10,7,4,2,19,73
57394,1,1,0,0,1,0,0,5/4/22,Graduate,Widow,0,1,110005.25,7611.07,3,7,3,8,6,4
37665,0,0,0,1,1,1,0,5/16/23,Graduate,Divorced,1,2,76848.52,13951.66,10,8,7,10,14,51
22691,1,1,0,1,0,1,0,5/1/21,Postgraduate,Divorced,1,1,141743.2,12095.62,8,12,1,13,6,35
48896,0,0,0,1,1,1,0,5/28/22,Basic,Separated,1,2,140047.8,6473.82,1,10,2,12,19,18
54451,1,1,1,1,1,1,0,6/29/24,High School,Single,1,1,46405.06,7674.88,9,3,4,5,12,15
85862,1,0,1,0,0,0,1,6/6/24,Basic,Divorced,1,1,55618.92,16287.07,7,13,3,14,7,13
65914,0,0,0,1,1,0,0,8/21/22,Basic,Single,1,2,95877.94,2301.37,8,8,5,5,6,46
11390,1,0,1,1,1,1,0,1/30/24,Postgraduate,Single,0,1,53279.47,19315.03,10,0,8,13,10,94
40037,0,0,1,1,1,0,0,8/9/24,Postgraduate,Divorced,1,0,53397.5,566.4,4,1,10,1,20,89
39952,1,0,1,0,0,1,0,7/9/22,PhD,Single,0,0,140492.98,9934.98,10,5,2,2,9,23
35873,1,1,0,0,1,0,0,12/3/21,High School,Separated,2,0,122308.73,4743.53,6,2,7,5,1,25
54914,0,0,1,1,1,0,0,7/13/21,Postgraduate,Married,2,0,102111.97,4136.5,10,15,3,11,4,92
21177,1,1,0,0,0,0,0,10/15/21,Postgraduate,Married,2,2,52812.49,10683.14,9,5,0,9,11,60
55358,0,1,0,0,0,1,0,7/18/24,PhD,Divorced,0,1,77651.52,18194.26,8,14,0,16,5,49
81658,1,0,0,0,1,0,0,10/9/24,Postgraduate,Single,0,1,41973.2,13073.72,8,7,8,17,20,23
77548,0,1,1,1,1,1,0,11/26/21,Graduate,Widow,1,0,47417.83,19603.72,3,4,2,5,16,2
47617,0,1,1,0,1,0,0,11/24/22,High School,Married,2,1,78603.29,7852.03,9,10,3,11,20,6
52390,1,0,1,0,0,0,0,5/18/21,Graduate,Widow,2,1,63093.57,16639.63,0,15,10,10,7,71
82945,1,0,1,0,0,0,0,4/29/22,Postgraduate,Married,1,2,36879.83,15798.63,10,12,3,18,15,84
78569,1,1,0,1,1,1,0,7/28/23,Graduate,Divorced,2,0,125913.86,18767.28,10,2,5,2,13,92
16016,1,0,0,1,1,1,0,6/19/22,PhD,Single,2,2,75117.03,19702.94,9,10,7,17,15,45
88842,0,0,1,0,0,0,0,7/30/21,Postgraduate,Married,2,0,38534.48,17404.11,7,3,2,2,4,39
13611,0,0,0,1,1,1,0,1/14/24,Postgraduate,Widow,0,2,144586.93,9754.05,1,5,6,15,15,29
59715,0,0,0,1,1,0,0,8/12/21,Graduate,Separated,2,2,104596.49,13150.59,6,11,3,20,6,80
12054,1,0,0,0,1,1,0,7/7/21,Basic,Separated,2,2,124276.53,12920.22,2,7,1,4,1,20
87063,0,0,1,0,1,1,0,8/5/23,Graduate,Divorced,2,2,84731.38,18472.39,7,0,0,0,4,53
42534,1,1,1,1,1,1,0,10/27/24,PhD,Widow,2,1,140802.87,17753.86,1,13,3,12,11,54
76429,0,1,1,0,0,1,0,8/15/24,Graduate,Married,1,0,34516.21,14912.74,4,13,9,5,14,56
62141,0,0,1,0,1,0,0,4/6/22,Basic,Divorced,2,1,116281.9,3995.3,5,3,2,16,5,59
24411,1,0,1,1,0,0,0,1/21/25,PhD,Divorced,2,2,131992.67,16889.67,5,12,5,9,13,84
80144,1,0,1,1,1,1,0,6/12/22,Graduate,Divorced,0,1,103438.41,8212.68,9,7,9,7,8,35
20034,1,1,0,1,1,1,0,1/3/23,PhD,Married,0,0,35729.31,6899.67,6,4,9,15,6,73
36882,1,0,0,0,0,0,1,6/1/24,PhD,Widow,0,0,112952.63,2745.3,7,1,7,10,9,66
59778,1,0,1,1,1,1,0,9/12/22,PhD,Married,0,0,59332.06,1336.76,4,13,4,12,2,18
18589,0,0,0,0,1,0,0,5/8/23,Basic,Married,2,1,69998.21,8172.9,5,12,3,10,18,43
40962,1,0,1,0,0,0,0,8/5/21,Graduate,Separated,1,0,61124.99,6881.49,6,7,1,2,7,69
63350,1,0,0,1,0,0,0,6/17/22,High School,Married,0,0,53388.34,9421.63,2,8,6,6,20,13
48727,0,1,0,1,1,1,0,7/14/22,PhD,Single,0,2,124976.37,19777.24,10,10,2,18,8,48
66781,0,0,0,1,1,1,0,11/20/23,Graduate,Married,0,1,54940.72,6711.47,2,7,8,11,1,20
17876,0,1,1,1,1,0,0,10/8/22,Graduate,Married,0,0,46017.19,19883.32,9,7,0,4,0,17
73072,1,1,0,0,0,0,0,3/21/22,High School,Married,1,1,86213.52,1820.56,1,13,7,11,0,56
99519,1,0,1,1,1,0,0,9/2/21,Basic,Married,1,2,74423.41,1592.98,2,7,9,17,8,62
67335,0,0,0,0,1,0,0,10/19/22,PhD,Divorced,1,0,143585.76,16091.32,0,2,7,5,5,84
30680,0,1,0,1,0,1,0,5/11/21,Postgraduate,Divorced,2,2,85508.39,15635.66,1,15,10,20,15,41
67286,1,1,0,0,1,0,0,10/23/24,PhD,Married,2,1,48490.34,13713.95,10,4,5,16,2,23
99266,0,1,0,1,1,1,0,12/7/23,Graduate,Divorced,2,2,118739.71,18969.51,7,7,10,6,14,73
59513,0,0,0,0,0,0,1,3/3/23,Basic,Separated,1,2,35035.64,14089.34,8,13,9,1,2,58
88480,0,1,1,0,0,0,0,6/23/23,PhD,Separated,2,1,113333.39,3974.95,5,3,7,3,5,22
54426,0,1,1,1,0,0,0,12/8/23,High School,Married,0,1,132858.6,3418.24,1,12,2,12,10,87
59133,1,1,0,0,0,0,0,7/1/22,Graduate,Divorced,1,1,135265.09,16753.52,4,15,8,19,18,42
61418,0,1,1,0,0,0,0,8/3/24,PhD,Widow,2,2,71923.3,12435.51,5,6,10,14,15,32
42433,0,1,1,0,0,1,0,7/24/23,Graduate,Married,1,1,86899.84,15998.41,2,11,9,4,0,53
34402,0,1,1,0,0,0,0,7/11/22,Graduate,Separated,2,0,48109.13,6073.83,1,10,6,6,1,19
17696,1,1,1,0,1,0,0,8/11/24,High School,Widow,0,2,116726.38,13449.57,2,1,6,12,2,42
75590,1,0,1,0,0,0,0,10/24/22,High School,Separated,0,0,62713.36,10921.44,3,5,1,20,2,22
30268,0,0,0,0,1,1,0,10/5/23,Basic,Divorced,2,0,134367.62,11097.08,8,15,6,9,0,13
74172,0,1,1,0,1,1,1,5/6/23,High School,Single,0,1,51319.36,18597.34,7,14,10,16,15,31
67519,1,1,1,1,1,1,0,5/29/23,Basic,Separated,1,2,45516.14,6275.79,2,3,9,4,13,18
32285,0,0,0,0,0,1,0,11/25/22,Basic,Divorced,0,2,60352.28,4730.68,1,9,7,16,18,98
64010,0,0,1,1,0,1,0,2/12/22,PhD,Separated,1,2,112878.56,2382.43,2,6,1,17,0,7
95752,0,1,1,1,0,0,0,7/10/21,Basic,Single,1,0,119759.49,11015.21,3,12,3,3,0,41
95218,0,1,0,1,0,0,0,6/28/21,Basic,Divorced,2,2,49420.66,8649.63,9,5,10,18,19,7
89850,0,1,1,1,0,1,0,6/26/24,High School,Married,0,2,149153.21,4532.78,8,12,10,6,6,61
30225,1,0,1,0,1,0,0,4/3/25,Basic,Married,1,2,66564.34,15650.94,0,2,3,4,16,20
31272,0,0,0,0,0,1,0,9/22/23,Postgraduate,Separated,2,0,93402.6,6844.65,0,12,7,15,12,12
84026,0,1,1,0,0,0,0,6/16/22,Graduate,Married,0,2,45292.28,12330.63,6,3,7,16,3,45
80174,1,0,1,1,1,0,0,10/9/24,Basic,Married,2,1,75224.45,14070.66,6,12,2,19,11,73
65145,0,0,1,1,0,1,0,2/11/23,PhD,Separated,0,1,69138.04,12245.71,10,13,10,20,0,97
24827,1,1,0,0,1,1,0,12/9/21,High School,Separated,1,1,100831.88,19941.81,1,14,9,19,12,62
52887,0,0,1,1,1,1,0,3/15/24,PhD,Separated,1,1,63095.95,19095.36,3,9,1,13,14,31
22077,1,1,1,0,1,0,1,9/12/24,Graduate,Separated,2,0,61826.53,6662.72,9,5,10,20,16,50
88756,0,1,0,0,0,0,0,2/7/23,Postgraduate,Single,1,1,64785.36,12235.67,0,0,8,5,8,68
21451,1,1,0,0,0,0,0,4/17/23,Basic,Divorced,1,1,110010.87,11046.71,3,15,4,3,17,44
35573,1,0,0,0,1,1,1,5/29/21,Basic,Single,0,0,111558.85,14543.98,10,12,1,18,19,45
16724,0,0,1,1,1,0,0,1/28/23,PhD,Married,1,2,109795.97,17995.45,4,13,7,18,1,64
23027,1,0,0,1,0,1,0,8/29/22,Basic,Single,0,2,120014.43,8840.67,1,1,3,8,9,38
42753,1,0,0,1,1,1,0,9/27/22,Postgraduate,Separated,1,1,49780.16,18829.97,6,4,2,3,10,44
43294,1,1,0,1,1,0,0,8/10/21,High School,Single,2,0,69814.23,4701.37,10,9,7,0,8,63
52972,1,1,1,1,1,1,0,6/28/21,High School,Separated,1,1,50486.69,17038.01,3,7,5,0,15,10
64765,0,1,1,1,0,0,0,1/22/24,PhD,Single,0,2,59896.42,2990.65,2,2,1,15,7,99
82533,0,1,1,0,1,1,0,9/9/21,PhD,Married,2,1,96682.21,14391.13,5,10,2,5,18,85
23579,1,0,1,0,1,0,0,10/19/24,PhD,Divorced,1,1,103793.73,9248.22,0,10,0,16,20,6
83265,1,1,0,1,1,1,0,11/10/23,Postgraduate,Married,1,2,55778.87,15561.36,4,14,8,9,3,59
86730,0,1,1,1,0,1,0,6/28/24,PhD,Married,0,1,57764.16,10455.63,0,7,3,3,16,27
27486,1,0,0,0,0,0,0,2/17/25,Basic,Separated,1,2,94193.75,3914.11,8,2,5,5,15,69
62295,1,0,0,1,1,0,0,9/3/23,Basic,Divorced,0,0,83420.44,6461.73,5,6,5,7,15,100
88027,0,0,0,1,1,1,0,9/10/22,Graduate,Widow,1,0,118226.48,9132.52,6,5,9,12,18,8
57023,1,0,0,1,0,1,0,5/19/21,Postgraduate,Divorced,1,0,103150.97,11714.75,0,1,1,1,17,76
39679,1,1,0,0,0,1,0,8/26/24,Basic,Separated,2,1,109628.53,6164.93,4,5,10,9,12,35
92795,1,1,1,1,0,1,0,3/12/22,Postgraduate,Divorced,2,2,98521.76,15207.56,2,3,9,1,5,18
77129,0,1,1,0,0,1,0,7/9/24,High School,Separated,1,0,85454.65,18561.49,9,9,4,10,3,34
32374,0,1,1,0,1,0,0,4/9/23,High School,Single,0,2,90333.3,15163.72,8,3,1,18,7,78
65009,1,0,1,1,0,0,0,9/25/24,PhD,Separated,2,0,130007.34,9183.25,9,1,5,10,4,71
33873,1,1,0,0,1,0,0,1/18/24,Graduate,Separated,2,0,120545.3,9561.25,0,10,3,4,12,2
78229,0,0,0,0,0,0,1,1/22/25,PhD,Married,2,1,66884.85,13103.21,5,11,1,7,13,5
74628,0,1,0,0,0,1,0,7/22/24,High School,Divorced,0,2,85324.62,8308.99,5,15,3,12,12,17
18797,1,0,0,1,1,0,0,3/4/24,High School,Separated,0,2,30853.73,7010.34,5,13,1,11,20,37
52099,1,0,0,1,1,1,0,9/5/23,Postgraduate,Separated,0,1,71606.08,17605.8,1,12,4,7,12,86
94370,0,0,0,1,1,0,0,4/15/24,High School,Separated,2,1,149612.22,13178.06,6,0,5,7,9,22
82033,0,1,1,1,0,1,0,9/12/23,Basic,Separated,2,1,145067.96,6804.93,3,10,8,20,9,52
25618,1,0,1,0,0,0,0,7/4/22,PhD,Single,0,1,147615.51,661.31,2,15,6,6,13,17
79673,0,1,1,1,1,0,0,1/12/23,PhD,Married,2,1,125309.63,18568.02,9,13,9,1,13,63
20676,1,1,0,0,0,1,1,7/19/24,PhD,Widow,1,1,120527.86,7336.8,3,10,8,14,4,62
87827,0,1,1,0,0,1,0,10/4/24,PhD,Single,0,1,130697.25,16504.84,0,6,4,6,18,64
62242,0,1,0,1,1,1,1,6/6/21,High School,Married,0,1,64075.76,9760.48,0,8,1,7,0,77
25247,0,0,1,0,1,0,0,8/7/22,High School,Widow,0,1,61740.88,3753.75,0,8,1,20,5,29
22255,0,0,1,1,1,0,0,9/10/24,Graduate,Single,0,0,114873.13,10147.58,9,8,1,18,6,20
29974,1,1,0,0,0,1,0,5/8/22,Graduate,Single,2,0,47303.81,5902.43,7,0,9,17,15,19
71454,1,1,1,0,0,0,0,4/15/24,Postgraduate,Divorced,0,0,64753.51,5667.79,10,6,2,13,3,13
26367,0,0,0,1,1,1,0,2/23/22,Postgraduate,Married,0,1,31439.9,11150.03,7,5,0,4,1,4
84677,1,0,1,1,0,0,0,2/8/25,High School,Widow,2,2,33741.27,7109.8,7,10,0,1,3,63
89114,0,0,1,0,0,1,0,4/23/24,Postgraduate,Single,0,0,108521.82,3847.47,1,3,3,17,12,72
90928,0,1,0,1,1,0,0,5/10/21,Basic,Divorced,1,2,122816.88,14997.89,1,15,1,18,5,70
93602,0,1,0,1,1,1,0,11/14/21,Basic,Married,0,1,65176.29,15837.11,2,5,5,4,2,82
66374,1,0,0,1,0,0,1,6/10/24,Graduate,Single,0,2,139663.49,13454.22,0,8,4,14,15,23
21803,1,0,0,0,1,1,0,3/15/25,High School,Married,1,1,39468.34,9579.56,4,0,10,4,8,44
18586,1,1,0,1,0,0,0,9/30/23,PhD,Single,1,2,99773.06,16911.08,2,13,8,12,9,93
36053,1,1,1,1,1,0,0,11/18/22,Postgraduate,Single,0,2,93062.27,6583.25,4,0,8,7,14,84
22743,0,0,0,1,1,0,0,3/12/24,Graduate,Single,0,1,98553.67,14658.94,8,6,6,19,20,16
81525,0,1,0,1,1,1,0,2/2/22,Basic,Separated,0,0,56880.17,19326.55,6,10,4,13,5,18
12727,0,0,0,0,0,1,0,12/4/23,High School,Single,1,1,30178.81,4558.68,3,0,0,0,0,70
76893,1,0,1,1,1,0,0,8/30/21,PhD,Single,0,2,92531.07,15478.3,9,2,1,8,3,51
45025,0,0,0,1,0,0,0,6/12/23,Postgraduate,Married,1,2,129800.3,13628.46,9,14,9,1,12,1
48801,1,1,0,1,1,1,0,3/23/25,Basic,Single,0,2,127912.28,19462.6,8,8,10,7,7,55
51260,0,0,0,1,0,0,0,1/26/23,Basic,Divorced,0,2,102495.49,13092.35,4,10,8,4,18,39
16340,0,0,0,1,0,0,0,5/22/24,Graduate,Married,1,1,79333.9,9206.32,6,8,4,18,8,51
86340,1,1,0,0,0,0,0,8/14/22,Graduate,Single,0,2,122398.92,18249.87,8,4,2,20,7,65
81504,1,1,0,0,1,0,0,11/29/24,Graduate,Separated,0,1,61449.59,6832.85,2,14,3,11,20,24
87519,1,1,0,0,1,1,0,3/11/25,Graduate,Single,0,2,41364.15,15546,2,10,1,17,3,87
24562,1,0,0,1,1,0,0,3/16/22,Postgraduate,Single,0,0,85757.79,3871.41,0,8,6,13,0,6
70770,0,0,0,0,1,0,0,10/26/21,High School,Married,0,2,118200.97,18541.99,6,2,5,2,4,3
18224,1,1,0,1,1,1,0,4/25/23,High School,Divorced,1,1,117048.73,19427.58,4,5,2,14,13,28
92627,1,1,0,0,0,1,0,8/9/22,Graduate,Widow,2,2,125825.95,19669.19,4,15,2,8,7,44
88435,1,0,1,1,0,0,1,12/14/24,Basic,Married,1,2,144325.69,8187.7,0,12,6,12,11,89
57828,1,0,0,1,0,1,0,11/3/24,Postgraduate,Separated,1,2,132751.11,5756.47,9,9,7,14,2,84
82503,0,0,0,1,0,0,0,12/16/23,Basic,Separated,1,2,97875.04,19871.72,2,4,3,10,8,26
86925,1,0,1,1,1,0,1,3/17/22,High School,Single,1,2,81938.84,5429.17,5,5,5,8,18,100
43471,0,0,1,1,1,0,0,3/31/22,Basic,Separated,1,0,95604.24,2066,2,14,3,0,13,29
91292,1,0,1,1,0,0,0,11/23/21,Graduate,Separated,1,2,32783.89,8400.46,4,0,5,3,3,5
54216,0,0,0,1,1,0,0,9/28/24,Graduate,Single,2,0,59656.15,1071.5,6,1,4,19,16,54
10886,0,0,1,0,0,1,0,7/13/23,Basic,Married,0,0,149940.3,4432.07,9,14,8,18,19,77
47175,0,0,0,1,0,0,0,11/12/24,Postgraduate,Single,0,0,120025.49,10179.45,1,14,10,17,13,5
71837,0,1,0,1,0,1,0,1/5/25,Graduate,Widow,2,1,134080.28,18464.66,10,3,1,6,14,43
49206,0,1,0,0,0,1,1,4/25/21,PhD,Separated,2,1,92710.35,567.53,2,14,9,1,7,59
14285,0,1,0,1,0,0,0,10/8/23,Postgraduate,Married,0,0,111221.53,17642.75,9,12,4,15,15,99
17037,0,0,1,1,0,0,0,1/24/22,Postgraduate,Separated,0,0,51847.34,6092.52,0,11,5,14,16,4
41780,0,0,1,1,0,0,0,8/1/24,Postgraduate,Married,0,0,76884.37,1242,6,12,8,11,14,33
93318,1,1,0,1,1,1,0,5/21/24,PhD,Single,0,2,131964.54,18330.62,5,4,1,10,1,94
77815,0,1,1,0,1,0,0,5/15/21,Basic,Married,0,1,35570.48,18849.83,10,8,2,9,6,89
58834,0,0,0,1,1,0,0,1/2/25,Basic,Divorced,0,2,81010.37,16282.69,1,0,5,7,1,18
76165,0,1,0,1,1,1,0,6/26/22,PhD,Widow,2,1,78513.59,15986.66,3,10,3,9,17,11
90881,0,0,1,0,0,1,1,12/12/24,Postgraduate,Divorced,0,1,90667.72,16263.5,6,3,5,15,7,70
13861,1,1,0,0,0,1,1,10/14/21,Graduate,Single,0,0,101073.04,15419,7,3,5,11,8,19
34856,1,0,1,0,0,1,0,11/20/24,Graduate,Divorced,1,2,131109.1,7711.33,4,13,7,14,4,4
54315,1,0,1,0,0,1,0,7/9/23,PhD,Widow,0,1,76112.89,5639.7,10,15,8,20,7,61
93002,0,0,0,1,1,1,1,8/5/24,PhD,Single,0,1,65580.82,1921.47,4,10,7,5,12,6
19887,0,0,1,1,1,1,1,5/3/23,Postgraduate,Married,2,2,130068.66,19942.12,7,13,6,8,4,1
33865,1,1,0,0,1,0,0,8/15/24,High School,Divorced,0,2,95818.78,18456.51,7,13,2,11,19,16
76682,0,1,1,0,1,0,0,7/11/24,PhD,Separated,1,2,111530.82,3939.12,5,11,3,8,0,44
62990,0,0,1,0,1,0,1,5/22/22,Graduate,Separated,1,1,144185.37,15641.98,5,6,10,20,10,52
82085,1,0,1,1,1,1,0,2/23/23,High School,Widow,0,2,114535.64,1038.61,8,8,2,5,15,26
22106,1,0,1,0,0,0,0,12/7/23,High School,Married,1,0,42770.02,1962.72,7,11,10,15,13,77
70667,0,1,0,1,0,0,0,2/11/25,High School,Separated,2,1,43682.41,5729.99,8,12,9,17,7,4
19451,1,0,0,1,0,0,0,12/7/23,High School,Married,0,0,119625.28,19900.59,9,0,1,8,5,86
30254,1,1,1,0,0,1,0,12/3/24,Basic,Widow,1,0,140590.94,16221.36,1,12,3,14,1,43
97363,0,0,1,0,0,0,0,11/6/23,Postgraduate,Married,1,1,75208.21,4865.6,1,14,2,18,8,100
52670,1,1,0,0,0,0,0,12/26/24,Graduate,Divorced,0,0,135717.17,12507.75,9,10,1,19,7,94
97737,0,0,1,0,1,0,0,11/25/23,Basic,Married,2,0,128669.57,4833.07,10,1,4,18,13,7
41951,0,1,1,1,1,1,0,5/13/22,Postgraduate,Married,2,2,66446.69,19555.99,9,15,4,19,20,75
68158,1,0,1,0,1,1,0,9/19/23,Postgraduate,Widow,1,1,131578.5,923.16,0,0,10,3,18,21
56201,0,0,0,0,1,1,0,10/29/23,High School,Separated,0,1,61085.77,11662.24,0,7,2,5,11,24
32071,0,0,0,0,0,0,0,3/27/24,Basic,Married,1,2,126643.28,7209.02,0,3,9,7,10,36
24701,1,0,0,1,1,0,0,1/2/22,High School,Married,0,1,131976.23,8185.23,2,13,2,0,17,3
92037,1,0,0,0,1,1,0,1/10/23,PhD,Single,1,1,120162.82,8160.03,9,4,0,3,4,31
32511,1,1,0,0,1,1,0,7/19/22,Graduate,Divorced,0,0,138769.73,7986.65,9,8,10,2,18,26
45703,1,1,0,0,0,1,0,10/28/21,High School,Single,1,1,57854.3,8315.25,6,8,7,10,4,85
82376,1,1,1,0,0,0,0,7/15/24,Postgraduate,Single,1,0,33173.96,11636.1,2,8,5,4,8,7
87483,0,0,0,0,1,0,0,2/12/24,Graduate,Single,1,0,62508.69,14536.01,2,3,9,20,3,38
58804,0,0,1,1,1,0,0,6/3/23,PhD,Married,1,2,118949.88,17269.41,2,2,8,17,7,90
74278,1,1,0,0,0,1,0,7/28/21,Postgraduate,Widow,0,1,89125.12,7952.97,9,6,3,7,5,75
87480,1,1,0,1,0,0,0,5/20/22,PhD,Divorced,1,1,36879.61,10635.42,10,11,8,16,6,94
82016,0,1,1,1,0,1,0,5/24/21,Basic,Separated,1,1,87870.6,13340.01,2,11,4,6,20,40
80230,1,0,1,0,0,0,0,6/22/24,Graduate,Single,0,2,52002.12,14722.05,10,12,2,9,14,22
13300,1,0,1,0,0,0,0,3/8/22,High School,Married,0,1,40462.74,11609.77,2,0,0,19,20,53
18394,1,0,1,0,0,1,0,9/5/21,Graduate,Divorced,0,2,73356.78,4287,1,15,4,20,1,2
51332,0,0,0,0,0,0,0,10/18/22,High School,Separated,2,0,46136.25,6308.63,7,2,1,18,7,48
55338,0,0,1,0,0,1,0,1/30/22,Basic,Divorced,1,1,78027.99,18507.64,6,1,7,13,4,50
61159,1,0,1,0,0,1,0,5/22/22,High School,Married,1,1,40815.81,16610.17,10,4,3,3,6,25
81804,1,0,0,1,1,0,1,10/12/22,Graduate,Married,0,2,41897.01,7304.84,4,3,3,14,5,59
76256,1,1,1,1,1,0,0,11/27/23,High School,Divorced,2,1,51607.29,19506.22,4,13,1,15,10,43
73941,0,1,0,0,1,0,0,11/7/22,High School,Single,0,1,97243.43,9183.28,4,8,1,15,5,28
20291,1,1,1,1,0,1,0,8/6/23,Postgraduate,Separated,0,0,73072.25,6221.73,8,11,3,12,4,53
30681,0,1,1,0,0,1,0,2/22/24,Graduate,Single,2,0,147510.34,562.65,5,7,8,10,20,40
36647,1,1,0,0,1,1,0,8/28/22,PhD,Separated,0,0,99786.13,4797.3,8,2,4,13,1,39
92538,1,1,0,1,0,1,0,1/22/22,PhD,Divorced,1,0,84844.37,8225.5,6,2,8,14,20,44
87982,1,1,1,1,0,1,0,1/12/23,Postgraduate,Separated,0,1,109094.59,17704.23,1,11,8,19,18,4
87803,0,0,1,1,0,0,0,3/27/22,PhD,Divorced,1,0,113700.52,13171.34,8,12,0,9,7,46
30913,1,1,0,1,0,0,0,10/17/22,Postgraduate,Divorced,1,2,91103.53,4619.84,6,15,10,14,6,2
92501,1,1,0,0,0,0,0,4/21/23,Postgraduate,Separated,2,1,123132.18,12479.01,8,14,8,20,16,55
51441,1,0,1,0,1,1,0,4/8/22,PhD,Widow,0,1,111568.48,3798.62,8,15,6,0,10,81
57124,1,0,1,0,0,0,0,1/7/25,Basic,Divorced,2,2,80710.49,14153.1,1,12,10,14,0,52
67069,1,0,0,0,0,1,0,11/26/23,PhD,Single,1,0,143220.65,11814.22,2,2,10,18,17,20
87843,1,0,0,1,1,0,0,3/26/22,High School,Widow,0,1,118504.53,18480.07,8,13,4,19,8,21
32302,1,1,0,0,0,0,1,11/5/24,Basic,Married,1,1,112450.55,12974.81,0,3,4,11,18,78
92265,1,1,0,1,0,0,0,11/28/23,PhD,Widow,0,0,74143.73,19926.57,8,5,4,7,17,65
55297,1,0,0,0,0,1,0,10/11/23,Basic,Widow,1,2,133203.89,608.82,10,12,10,8,7,86
61511,0,1,0,0,1,1,0,11/26/21,PhD,Married,2,2,41178.43,528.72,7,1,1,15,1,76
91038,0,1,1,0,1,0,0,6/9/23,PhD,Separated,0,2,106874.63,17390.29,1,14,2,12,4,67
77095,0,1,0,1,1,1,0,9/9/24,Basic,Single,1,0,91960.82,13365.54,5,5,10,20,14,80
52085,1,0,0,1,0,1,1,8/10/21,Basic,Separated,1,0,50578.86,9708.83,6,4,0,17,1,67
13182,0,0,0,0,1,0,0,6/11/21,High School,Widow,0,2,138162.59,5658.97,4,6,5,19,12,80
57486,0,1,1,1,0,0,0,6/13/24,Graduate,Married,1,0,108915.53,7791.73,6,0,9,2,4,28
46353,1,1,0,0,0,1,0,9/22/22,Postgraduate,Single,0,2,75206.7,15340.38,0,4,4,7,12,40
20308,0,1,0,1,1,0,0,4/10/22,Postgraduate,Divorced,2,0,113989.48,16395.47,5,8,10,0,7,51
74139,1,0,0,1,1,1,0,10/14/21,Graduate,Divorced,2,1,79333.66,19981.72,2,7,6,1,12,51
57563,1,1,1,0,0,1,0,3/14/24,PhD,Widow,2,0,46186.61,1484.71,4,5,9,16,12,23
22820,0,1,0,0,1,1,0,3/18/23,Postgraduate,Separated,2,1,51230.49,17904.54,6,4,9,19,17,31
74415,0,1,1,1,1,1,0,9/22/24,High School,Divorced,1,0,66132.95,5317.65,8,5,0,16,8,77
79886,0,0,1,0,0,0,0,1/15/25,High School,Widow,0,0,30530.28,1796.72,4,1,10,14,12,18
38126,0,1,0,0,1,0,0,3/23/25,Basic,Single,0,2,127383.29,10166.27,2,15,2,1,18,78
24499,1,1,1,1,0,0,0,10/19/24,Basic,Divorced,2,2,107875.74,1584.42,2,7,5,7,0,72
84087,1,1,1,0,1,1,0,12/21/22,PhD,Separated,0,2,148528.48,7715.42,8,4,0,2,15,84
35355,1,0,0,0,1,1,0,1/10/25,PhD,Married,0,0,54135.34,758.81,4,4,10,17,20,32
78113,0,1,0,0,0,0,0,4/24/21,Graduate,Separated,1,2,31728.06,6229.23,10,9,1,5,10,72
20632,1,0,0,0,0,1,0,4/20/22,Postgraduate,Widow,1,0,149249.34,8051.23,2,10,1,6,9,2
26420,0,1,0,1,1,1,0,7/25/22,High School,Single,2,0,91264.01,8445.61,2,6,10,19,14,90
64377,0,0,1,1,0,0,0,8/9/22,Postgraduate,Single,1,1,97108.85,11243.16,1,7,3,3,2,60
23722,1,0,1,1,1,1,0,9/14/24,Postgraduate,Single,2,0,148504.6,15753.58,10,4,0,7,1,19
63151,1,1,1,1,0,1,0,6/12/21,High School,Married,2,0,55105.7,752.71,7,15,8,15,3,76
79628,0,1,1,0,1,1,0,8/15/21,Postgraduate,Single,0,1,63816.47,16909.79,7,8,5,3,9,40
48442,0,1,1,0,1,1,0,3/31/24,Graduate,Separated,2,0,147971.78,6801.21,6,1,1,16,11,13
41209,0,0,1,1,1,0,0,2/3/22,PhD,Divorced,0,1,85193.64,6093.56,6,15,0,20,11,7
76117,1,0,0,0,0,0,0,2/15/25,Graduate,Single,0,1,68404.59,19084.88,0,7,10,9,11,48
73622,0,0,0,0,0,1,0,10/23/22,Graduate,Married,1,1,84248.44,7110.53,5,10,7,16,20,17
18449,1,0,0,0,0,1,1,6/2/22,High School,Widow,0,1,43212.2,10744.03,10,12,2,16,20,48
42698,1,1,1,1,0,0,0,8/20/22,Basic,Married,2,2,71345.11,19874.74,7,14,2,13,16,12
86834,0,0,0,0,1,0,0,5/4/24,High School,Married,0,2,120440.14,519.04,6,5,5,7,18,32
92887,0,1,1,1,1,1,0,12/9/24,PhD,Separated,0,1,94652.67,10831.82,3,2,4,0,1,29
66069,1,1,0,0,0,0,0,1/16/23,Postgraduate,Widow,0,1,110128.55,17486.03,0,9,7,18,17,48
19022,1,1,0,1,1,0,0,5/28/22,High School,Divorced,0,2,80139.15,17083.46,6,10,6,9,20,26
48083,1,1,1,0,0,0,0,10/16/21,High School,Divorced,2,1,51251.2,12160.71,10,9,6,14,6,50
40605,0,0,1,0,0,0,0,2/7/23,Graduate,Widow,0,0,86290.74,15012.29,2,0,3,6,12,39
29757,0,1,1,1,0,0,0,10/21/24,High School,Divorced,2,2,56708.36,19945.9,0,7,1,1,3,49
75818,1,0,1,1,0,0,0,4/27/24,Graduate,Divorced,1,0,64812.51,551.88,10,10,7,19,12,19
30086,0,1,0,0,0,1,0,12/9/24,Basic,Single,1,2,147891.48,8584.15,0,1,2,12,0,37
47026,1,0,0,1,1,1,0,11/11/23,PhD,Single,2,1,136944.96,3114.9,4,8,1,0,13,49
95639,1,1,1,1,0,0,1,11/8/24,Postgraduate,Divorced,0,0,139341.03,5839.21,3,6,5,8,8,1
55993,1,0,0,0,1,0,0,5/13/23,Graduate,Single,0,0,109346.79,997.92,5,0,6,13,14,12
32311,1,1,0,0,0,0,0,6/30/23,Basic,Divorced,1,2,121242.77,7458.22,1,5,9,17,5,37
51731,0,0,0,0,0,1,0,2/17/25,High School,Single,2,2,133143.12,13761.27,2,3,7,12,17,0
81443,0,0,1,1,0,1,1,8/28/22,Graduate,Single,1,2,57356.77,14392.88,4,2,3,19,9,30
34775,0,0,0,1,0,0,0,5/29/22,PhD,Widow,0,0,97338.46,10363.65,4,9,0,7,15,82
56298,1,1,1,0,1,0,0,8/6/21,PhD,Divorced,2,2,32298.92,4882.91,0,13,10,8,3,36
64347,1,0,0,0,1,0,0,1/28/24,Basic,Divorced,2,2,132592.91,13385.42,5,0,5,3,17,16
78174,0,1,1,0,0,0,0,12/25/22,Postgraduate,Divorced,1,1,86462.43,13972.01,9,3,1,15,3,62
65626,1,0,0,0,1,1,0,7/16/23,PhD,Divorced,2,1,69546.47,18701.91,3,15,4,8,19,48
62610,1,1,0,1,0,0,0,4/11/23,Basic,Divorced,1,1,42424.43,630.26,1,0,3,13,16,76
42020,0,0,1,0,1,0,0,11/22/24,PhD,Married,1,0,78258.46,3166.28,9,10,7,14,11,16
17132,1,1,1,0,0,0,0,10/20/21,Postgraduate,Widow,2,0,85191.99,3414.66,10,2,3,10,7,62
92425,1,1,0,0,0,0,0,6/25/24,PhD,Divorced,0,2,74003.39,14939.7,6,1,8,20,17,44
34522,0,0,1,0,1,0,0,4/6/25,Graduate,Separated,2,1,130292.1,6439.32,5,8,7,6,20,57
99601,1,0,1,0,1,1,0,10/19/21,PhD,Divorced,1,1,147199.49,7059.64,7,14,3,19,12,12
66595,0,0,1,0,1,1,0,11/20/21,Postgraduate,Separated,2,2,41588.52,1497.98,0,9,1,15,10,54
54704,1,0,0,1,0,0,0,11/19/24,PhD,Separated,1,2,84470.8,1832.91,6,3,6,10,16,59
28682,0,0,1,0,1,0,0,10/3/22,Graduate,Separated,1,1,149607.43,18385.38,6,14,1,4,12,41
71811,1,0,0,0,0,0,0,11/11/22,PhD,Separated,2,2,91066.94,18280.03,2,8,9,18,2,79
99348,1,0,1,0,1,1,0,8/16/22,High School,Widow,2,0,37405.4,15998.62,3,14,6,6,3,67
84683,1,1,1,1,0,1,0,1/27/24,Postgraduate,Separated,1,1,95692.39,18478.34,1,8,4,0,0,7
94383,1,0,1,1,1,0,0,11/23/24,Basic,Single,2,1,67481.83,15622.28,7,15,2,18,13,67
50017,0,0,1,1,0,1,1,9/16/23,Graduate,Divorced,2,2,88250.81,16545.25,9,4,5,3,20,76
30255,1,0,1,1,1,1,0,11/13/23,Graduate,Separated,1,2,114269.57,18830.4,3,15,1,1,10,24
41026,0,1,0,1,1,1,0,6/19/21,Graduate,Married,2,1,30242.7,12885.99,7,9,3,0,8,7
46369,0,1,1,0,0,1,0,2/6/23,Basic,Widow,2,1,131606.69,9564.54,2,15,0,14,3,19
40986,1,1,0,1,1,0,0,3/5/25,Graduate,Single,1,1,51413.75,14077.86,2,0,4,6,16,70
79198,0,1,1,1,1,0,1,5/12/21,High School,Widow,0,0,118589.11,6584.21,1,12,10,7,18,8
49614,1,1,1,1,1,0,0,8/8/23,Basic,Divorced,1,1,148659.52,10491.27,10,1,10,6,13,79
26305,0,1,0,1,1,0,0,7/22/23,High School,Widow,0,0,60883.96,14180.65,7,7,1,4,4,98
50359,0,1,1,1,1,1,1,10/1/24,Graduate,Single,1,0,118306.02,3985.82,2,3,6,18,8,28
17340,1,0,0,1,0,1,0,3/29/25,Basic,Divorced,2,0,58771.25,19356.82,0,10,7,7,5,14
47612,0,1,1,1,1,1,0,12/25/24,Graduate,Married,1,0,67836.34,1088.36,0,11,10,11,15,1
12447,1,0,1,0,1,1,0,9/2/22,Graduate,Divorced,0,0,122692.82,7201.62,10,13,10,5,10,71
16989,1,0,1,0,1,1,0,3/4/22,Postgraduate,Married,1,2,71500.62,7640.99,7,14,5,2,18,25
12398,1,1,1,0,0,0,0,5/23/24,High School,Divorced,1,1,93595.25,887.93,1,15,6,5,3,25
56168,1,1,0,1,1,1,0,2/28/22,High School,Widow,1,0,48140.21,3252.18,10,8,7,1,16,12
85067,0,0,1,0,0,1,0,3/21/24,PhD,Separated,1,0,122927.26,11333.35,10,8,3,14,9,70
94493,0,0,1,0,1,0,0,7/23/23,Basic,Separated,0,1,91798.21,16225.36,9,0,5,20,16,5
15779,0,1,0,0,0,1,0,6/13/24,Basic,Divorced,0,2,130661.86,2689.97,0,10,6,7,10,82
66515,1,0,0,0,0,0,0,3/3/24,Postgraduate,Separated,1,1,32644.85,3173.39,10,2,2,9,13,57
95363,1,1,0,0,0,1,0,6/28/21,High School,Widow,0,0,84844.46,16270.15,9,8,9,10,19,9
20484,0,1,0,0,0,0,0,7/22/21,Graduate,Widow,1,1,146234.2,7402.06,1,13,6,11,15,65
57870,0,0,0,1,1,0,0,8/24/21,PhD,Separated,2,1,64884.21,2458.33,4,11,0,16,12,18
47651,1,0,0,0,0,0,0,6/19/24,High School,Divorced,2,2,140095.1,8018.19,1,5,6,3,6,85
26409,1,1,1,1,1,1,0,10/20/22,Basic,Divorced,2,0,99193.05,6589.7,0,7,5,8,20,35
96130,0,1,1,0,0,0,0,6/2/23,Postgraduate,Divorced,1,2,53537.34,7723.89,9,13,2,14,13,88
58317,0,0,0,1,0,0,0,6/3/22,Postgraduate,Divorced,0,1,44731.9,4514.28,9,11,5,20,15,71
96378,0,0,0,0,0,1,0,1/31/22,Basic,Widow,0,2,65544.07,17417.17,0,4,6,18,9,34
35352,1,0,1,0,1,0,1,7/15/24,Graduate,Married,2,0,33678.09,4730.77,3,3,8,13,13,59
32889,0,1,1,1,1,1,0,4/11/22,High School,Single,2,0,39536.77,17513.41,4,0,8,7,16,32
33747,0,1,0,1,0,0,0,10/6/24,Postgraduate,Widow,2,1,124301.77,15182.24,10,7,3,9,4,17
22944,1,0,0,0,0,1,0,4/2/23,Postgraduate,Widow,1,0,84718.56,5418.96,7,10,0,5,3,84
48004,1,0,0,0,1,1,0,1/26/25,Basic,Married,2,1,52752.53,4990.71,6,15,8,16,9,22
62356,0,1,1,1,0,1,0,12/24/24,PhD,Divorced,1,1,36717.32,7974.72,3,5,8,10,7,16
87278,0,0,1,1,1,0,0,2/17/24,Postgraduate,Separated,1,1,119535.65,9179.56,7,2,8,18,16,100
41743,1,0,1,0,0,1,0,5/13/21,Graduate,Divorced,2,0,114511.58,1760.54,8,10,7,5,7,80
94442,1,0,0,1,1,0,0,11/9/21,PhD,Widow,0,1,110962.05,10351.04,9,12,5,9,18,79
11368,1,1,0,1,0,0,0,8/31/21,PhD,Single,0,0,41690.07,5482.69,8,13,10,13,19,7
25243,1,0,1,0,1,1,0,1/7/22,Graduate,Single,1,2,122066.28,15342.49,9,12,7,3,20,89
10373,0,0,0,1,1,1,1,10/19/21,Graduate,Married,2,0,88052.5,13631.06,10,9,9,12,13,44
78559,0,1,0,0,1,0,0,2/10/22,PhD,Widow,0,2,69826.49,4010.81,3,8,3,7,10,29
38221,1,1,1,1,1,1,0,3/17/22,Graduate,Married,1,1,93843.9,9901.08,0,6,10,2,0,38
77230,1,0,1,0,1,1,0,2/2/22,High School,Separated,0,1,40240.69,13377.06,9,1,7,8,12,50
99143,1,1,1,1,0,0,0,1/3/23,High School,Divorced,0,1,76805.78,10258.81,3,1,3,4,11,96
75312,0,1,1,0,1,1,0,6/28/21,Postgraduate,Widow,0,1,117515.41,9753.7,8,2,0,15,5,66
39256,0,1,1,1,1,1,0,9/10/24,Basic,Married,2,1,40580.1,12383.17,10,6,10,12,7,13
31064,1,0,1,1,1,1,0,3/2/23,PhD,Single,2,1,37635.97,12300.54,5,12,6,6,0,7
89596,1,0,1,0,0,0,0,11/23/21,Basic,Widow,1,0,83439.98,9515.25,10,1,4,16,3,11
28144,0,1,0,1,0,1,0,10/31/22,High School,Widow,2,0,121850.6,12116.09,9,12,7,14,15,89
35662,0,1,1,1,0,1,0,5/27/23,High School,Separated,2,1,103078.09,12225.77,1,10,4,17,5,61
39535,0,0,0,0,0,0,0,7/18/24,High School,Widow,2,2,53404.3,16399.73,6,0,2,2,7,55
75062,1,0,1,1,1,0,0,1/30/24,PhD,Single,2,1,50733.8,12695.38,5,2,9,11,13,96
41646,0,1,1,1,1,0,0,7/24/24,Graduate,Divorced,0,2,95615.46,11349.26,10,0,6,6,0,100
85255,0,0,0,0,0,1,1,4/21/21,PhD,Widow,2,2,89742.36,7804,3,11,9,20,13,38
67350,1,0,1,1,1,1,0,6/16/22,Graduate,Divorced,0,1,112133.8,17988.89,3,3,0,3,17,45
44267,0,0,1,1,1,1,0,10/28/24,Graduate,Single,2,2,70610.21,2666.73,0,10,8,0,3,0
98712,1,1,1,1,1,1,0,11/5/22,PhD,Married,1,2,127358.29,14732.52,6,12,3,12,20,37
76419,1,1,0,0,0,1,0,9/15/23,Postgraduate,Divorced,2,2,79010.86,4962.98,7,4,2,13,5,64
12630,0,0,1,0,0,0,0,1/24/24,High School,Separated,2,1,59384.85,19745.39,0,10,2,3,19,37
76743,0,1,0,1,1,0,0,10/13/23,Basic,Separated,1,2,97640.71,3694.99,1,8,5,18,15,57
78364,0,1,1,0,1,0,0,2/14/23,Basic,Widow,1,1,147238.03,5020.99,6,11,3,19,14,82
45991,1,1,1,1,1,1,0,1/31/25,Basic,Separated,2,1,145102.77,5646.95,9,12,1,13,7,72
29649,1,0,1,1,1,1,0,4/20/22,Graduate,Married,1,2,48937.31,3261.26,8,8,8,14,14,47
15448,1,0,0,1,1,1,0,6/3/22,PhD,Married,0,2,52487.89,12095.65,10,0,0,10,18,1
91477,1,1,1,0,1,0,0,11/15/23,PhD,Divorced,1,0,68702.37,11561.86,9,7,4,9,5,37
57891,1,0,1,0,0,0,0,9/23/21,High School,Single,1,1,58409.46,7751.26,3,11,9,15,10,74
99640,0,1,0,0,0,1,1,4/8/22,PhD,Widow,2,1,121668.86,6841.72,7,4,7,6,14,54
70908,0,0,1,1,0,0,0,10/9/24,Postgraduate,Widow,0,2,89942.21,11602.96,7,10,5,0,1,87
34637,1,1,1,0,1,0,0,6/11/24,High School,Separated,2,2,33264.3,2092.95,7,7,2,4,12,45
36493,0,1,0,1,1,1,0,5/23/23,Graduate,Separated,1,2,39409.13,7348.96,7,3,1,14,14,40
60121,0,1,0,1,1,0,0,4/20/22,PhD,Separated,1,2,34115.88,10367.4,8,9,0,15,10,91
42096,1,0,0,1,0,1,0,5/18/24,Postgraduate,Married,1,2,56031.01,12574.67,5,1,7,0,11,10
16946,0,0,1,1,1,0,0,8/4/24,High School,Separated,0,1,76575.2,5225.47,7,0,2,15,16,42
30406,0,1,0,0,1,0,0,7/19/22,High School,Widow,0,1,58960.06,17480.52,6,6,9,1,16,47
16933,0,0,1,1,0,1,0,7/13/24,PhD,Single,1,1,49425.98,10946.74,6,10,10,13,1,51
31240,1,1,1,1,1,1,0,6/27/22,Graduate,Divorced,0,0,68214.17,15028.48,10,14,7,4,11,1
15428,1,0,0,1,0,0,0,12/9/22,Graduate,Divorced,2,1,48149.84,7180.94,8,9,5,15,20,19
35529,0,0,0,1,0,0,0,7/2/21,Basic,Divorced,0,1,118217.08,18758.23,4,7,1,12,12,1
40272,0,1,0,0,1,1,0,1/4/24,Postgraduate,Single,0,2,64143.93,14240.25,7,11,0,1,1,39
94441,1,1,0,0,0,1,0,5/4/23,PhD,Separated,2,0,141222.34,7996.33,9,9,9,7,10,55
29025,1,0,0,1,0,0,0,12/26/24,Postgraduate,Married,0,1,73538.4,15538.7,1,15,0,16,7,30
55505,1,0,1,0,1,1,0,11/24/24,PhD,Widow,1,2,59734.17,12345.64,0,1,4,11,6,75
40418,0,1,1,1,0,1,0,8/22/23,Basic,Separated,1,0,118648.85,1493.13,9,14,3,2,15,1
39542,0,1,1,0,0,0,0,5/9/23,PhD,Divorced,1,2,43029.82,4022.35,1,11,0,3,12,32
38596,1,1,1,1,0,1,0,7/31/24,Basic,Married,1,0,80604.45,2981,6,14,6,5,5,100
55218,1,1,1,1,1,1,0,10/22/24,Basic,Separated,2,2,104027.43,9301.37,7,7,10,7,2,97
48927,1,1,0,1,0,1,0,1/15/22,Basic,Divorced,1,1,40507.62,8639.16,0,8,4,3,11,23
73694,1,1,1,1,0,1,0,10/20/23,Graduate,Divorced,1,0,109183.16,16865.95,1,7,7,17,1,32
85580,1,1,0,0,0,0,0,8/7/22,PhD,Widow,1,2,49773.74,18029.61,7,13,0,15,9,84
56027,0,1,1,1,1,0,0,12/3/23,Postgraduate,Single,0,1,52953.81,3520.99,5,10,6,2,17,25
10379,0,1,0,0,0,1,1,8/29/24,Graduate,Divorced,0,0,99076.74,7355.66,2,11,2,15,10,0
32492,1,1,0,1,0,0,0,10/12/24,Postgraduate,Single,0,1,52577.68,6483.63,10,5,10,19,6,62
72317,0,0,0,1,1,0,0,8/14/21,High School,Married,1,0,83859.04,18359.86,6,14,4,13,19,42
84742,0,1,1,1,1,1,0,10/8/21,High School,Separated,1,1,102851.64,4280.71,1,6,6,15,11,81
34348,1,0,1,1,1,0,1,10/25/24,Graduate,Married,1,2,80723.05,9063.23,8,6,2,1,6,9
53174,1,0,0,0,1,1,0,9/8/22,Graduate,Married,1,0,139816.68,11314.27,8,7,3,6,3,83
95848,1,0,0,0,1,1,0,8/15/24,Basic,Married,0,1,46220.64,1637.26,1,7,8,16,19,82
59006,1,0,0,0,1,1,0,3/24/22,High School,Separated,1,2,139090.63,7509.85,3,8,1,10,18,10
27088,0,1,1,0,1,0,0,7/13/24,Postgraduate,Divorced,0,1,77661.37,19036.2,6,5,2,9,15,70
37831,0,0,1,0,0,1,1,1/10/23,Basic,Married,1,0,144656.17,2944.77,0,9,0,2,10,61
72605,1,0,1,0,0,0,0,4/27/24,PhD,Widow,2,1,52072.26,19142.31,8,12,6,11,1,68
27853,0,1,0,1,0,0,0,3/26/25,Postgraduate,Married,1,0,36470.03,13875.12,7,2,4,6,18,2
38306,0,0,0,0,0,1,0,3/3/23,Postgraduate,Married,1,0,87885.1,12833.58,10,9,7,9,16,41
34901,1,0,0,0,0,1,0,8/9/23,Basic,Divorced,0,0,101526.5,16610.5,2,4,9,14,5,98
89783,1,1,0,0,1,0,0,5/24/22,Graduate,Widow,1,1,58166.94,2163.69,8,12,4,11,19,34
50637,1,0,0,1,0,1,0,2/18/23,High School,Widow,1,2,130300.41,5222.55,5,11,10,20,11,82
85518,0,1,1,0,1,1,0,9/22/23,Postgraduate,Widow,0,2,99726.86,14769.04,1,14,2,3,20,9
19836,0,1,0,1,0,0,0,12/27/24,Graduate,Widow,2,1,61757.05,2752.87,1,9,6,0,2,79
70336,0,0,1,0,0,1,0,6/4/21,High School,Widow,0,2,98045.63,2006.61,6,8,2,12,12,29
73381,0,0,1,0,1,0,1,8/11/22,High School,Married,0,0,37656.79,2171.44,7,3,9,18,9,40
71147,1,1,0,1,0,1,0,1/18/24,Basic,Separated,2,0,30681.56,16685.89,5,13,7,7,20,45
37017,0,1,0,1,1,0,0,1/18/24,Postgraduate,Married,1,0,61647.95,5176.26,0,4,2,16,12,61
32021,0,0,1,1,1,1,0,4/10/23,Graduate,Separated,0,0,73959.89,9192.15,7,9,1,9,18,5
34768,1,1,0,1,1,0,0,5/28/24,Postgraduate,Separated,2,1,113291.78,13714.95,5,5,6,3,10,67
84072,1,0,1,0,0,1,1,11/4/23,Graduate,Single,0,0,60966.99,14604.72,1,5,4,16,9,46
18189,1,1,1,0,0,0,0,6/26/22,Postgraduate,Divorced,0,2,136962.63,510.65,6,12,9,10,9,40
97404,0,1,1,0,0,1,0,11/2/23,Basic,Single,1,1,135951.94,2242.04,0,12,1,6,20,4
51419,0,0,0,1,0,0,0,9/30/22,PhD,Single,1,0,33553.61,5265.62,5,15,9,12,11,54
79264,1,0,0,0,0,1,0,3/19/25,High School,Widow,2,0,115152.92,17526.4,8,4,4,2,3,53
13393,1,0,1,0,1,0,0,8/14/22,Graduate,Widow,1,1,109065.39,18881.26,2,8,8,4,4,29
68471,0,1,1,0,0,0,0,5/7/24,PhD,Divorced,1,0,56917.9,16230.53,9,11,1,20,10,78
46017,0,0,1,1,1,1,0,6/21/21,Postgraduate,Divorced,1,1,68970.21,15344.37,3,3,6,8,18,40
82587,0,1,0,1,1,0,0,2/11/22,High School,Widow,2,0,141761.8,13016.28,4,13,3,20,3,96
22931,0,1,0,1,1,1,0,5/5/23,Postgraduate,Single,0,2,126087.39,10774.32,0,8,1,10,20,35
75050,1,1,1,1,0,0,0,1/26/23,High School,Divorced,2,2,132786.25,9641.55,6,15,0,3,13,64
54958,1,0,1,0,0,1,0,7/13/23,Graduate,Single,1,0,125419.53,4678.2,0,2,1,16,10,79
46048,1,1,1,0,1,0,0,9/25/21,Graduate,Divorced,0,2,72012.08,18473.16,2,2,8,8,14,93
31436,0,1,1,0,1,0,0,2/1/22,PhD,Separated,2,0,64562.41,8807.41,10,3,1,19,11,34
45202,0,1,0,1,0,0,0,2/12/22,High School,Single,0,0,145203.2,16522.76,7,10,9,4,17,19
36890,0,0,0,0,0,1,0,4/20/21,Postgraduate,Married,1,0,128947.68,14314.65,3,11,6,3,13,22
55579,1,0,1,0,0,1,0,6/29/24,Postgraduate,Widow,0,0,54186.01,13185.88,3,15,4,5,3,86
97399,1,0,0,1,0,0,0,1/11/23,High School,Widow,1,0,74353.91,10409.61,1,9,2,10,1,84
53878,1,0,1,0,0,1,0,1/3/24,PhD,Widow,1,2,126087.2,14269.6,3,12,4,5,15,26
51635,1,1,1,0,0,0,0,4/21/23,Basic,Married,2,0,40208.07,6752.08,1,2,3,20,6,6
61760,0,0,1,1,0,1,1,12/4/22,Basic,Married,1,1,146921.52,5938.93,8,9,1,5,6,17
17646,0,0,0,0,0,1,0,4/2/24,PhD,Divorced,2,1,37108.14,15478.65,9,9,3,18,3,31
71718,1,0,1,1,0,1,0,2/13/23,Basic,Married,0,1,127890.93,14941.77,2,4,6,20,1,66
40069,0,0,1,0,1,0,0,5/10/23,Basic,Widow,2,1,62394.82,12172.08,8,7,8,0,6,56
11152,1,1,0,0,0,0,0,9/15/24,Postgraduate,Single,2,1,98983.55,8215.93,4,11,5,9,0,56
40994,1,0,0,1,0,1,0,10/29/23,PhD,Separated,0,0,140066.33,11259.51,1,3,8,0,17,22
89559,0,1,0,0,1,1,0,4/27/23,PhD,Married,1,2,88359.32,7405.08,7,2,5,13,9,12
71989,1,0,0,0,1,0,0,3/22/23,Postgraduate,Widow,0,2,136820.02,14113.04,3,7,1,3,18,100
78579,0,1,0,0,1,1,0,1/17/23,Basic,Separated,0,1,54667.4,2724.73,3,8,10,1,7,62
39611,1,0,1,0,0,1,0,12/23/23,High School,Single,1,0,127290.05,11823.84,0,0,4,11,16,16
10788,0,1,0,0,1,0,0,7/15/22,Postgraduate,Divorced,0,1,81791.89,5765.32,7,7,2,11,10,7
45731,1,1,0,0,1,0,0,4/22/22,Postgraduate,Separated,2,0,45526.27,16381.68,2,1,9,11,15,70
65975,0,0,1,1,0,0,0,5/16/24,Postgraduate,Separated,2,1,63321.52,8990.99,7,2,7,8,9,23
56574,0,1,1,0,1,0,1,10/17/23,Graduate,Divorced,1,1,125707.74,5971.86,9,5,0,3,12,82
40139,1,1,0,0,0,0,0,5/10/24,Graduate,Single,1,0,71893.75,12768.36,0,12,10,15,0,73
68050,0,1,1,1,1,1,0,12/7/24,Basic,Single,0,0,136735.2,1229.5,4,13,4,11,8,79
97196,1,1,0,1,1,1,0,9/22/22,Postgraduate,Single,1,2,99715.45,3268.4,4,12,6,4,10,56
82018,1,0,0,0,0,1,0,12/11/23,Basic,Single,2,0,50476.6,17902.8,6,11,2,11,1,71
18979,0,1,1,0,1,0,0,9/8/21,Basic,Widow,0,1,60806.74,12823.09,10,8,7,15,12,24
61311,0,0,0,0,0,0,0,3/23/25,Postgraduate,Widow,0,0,73466.58,19286.47,1,13,8,8,9,35
78216,1,1,1,1,0,1,0,7/11/24,Basic,Separated,0,0,91018.62,15566.58,1,7,7,20,4,34
34424,1,1,0,1,1,0,0,1/5/24,Graduate,Divorced,2,2,149094.41,890.3,0,9,6,10,17,32
71631,1,0,0,1,1,0,0,9/28/22,Postgraduate,Married,1,1,109929.52,13634.68,7,13,4,18,15,26
72218,1,0,1,0,1,0,0,4/30/22,PhD,Single,2,1,44714.32,2972.54,8,14,4,14,13,58
83381,1,1,1,0,0,0,0,5/9/23,Graduate,Married,1,1,45141.55,11748.88,10,6,1,14,13,74
37408,1,0,1,1,1,1,0,11/9/23,Basic,Divorced,2,1,118039.08,4644.86,9,13,7,1,9,35
83583,1,1,1,0,1,0,0,6/18/22,Postgraduate,Widow,0,0,146311.6,19922.43,0,2,5,11,9,32
34865,1,0,1,1,1,0,0,8/4/24,High School,Widow,1,1,142055.13,11216.7,5,10,5,20,15,49
40277,1,0,0,1,1,0,0,3/9/22,Graduate,Single,2,1,144241.71,15716.77,10,14,2,15,15,16
13789,0,1,1,1,1,0,1,3/28/23,PhD,Separated,1,0,118245.73,13079.72,6,12,0,7,13,54
87168,0,0,1,1,1,1,0,11/3/22,PhD,Divorced,0,2,73243.05,1604.34,7,12,1,13,11,28
30797,1,1,1,1,0,1,0,1/1/23,Postgraduate,Divorced,2,0,100370.28,8097.03,10,13,9,10,0,87
35385,1,0,1,0,1,0,0,5/2/21,PhD,Single,1,1,103565.89,10838.17,7,4,3,1,15,85
56421,0,0,0,0,0,1,0,1/4/25,PhD,Single,0,0,143633.02,9866.34,3,5,6,18,5,97
59970,1,1,0,0,0,1,0,3/3/25,Graduate,Separated,2,0,44158.03,14038.17,9,9,6,8,1,31
68845,0,0,0,1,0,1,0,8/5/23,Graduate,Separated,1,0,147274.17,13243.73,0,6,3,18,1,47
54931,1,1,1,1,0,0,0,11/14/21,Graduate,Married,2,2,54936.98,9892.59,10,9,2,16,16,38
51847,1,0,1,1,0,1,0,11/29/22,Graduate,Single,2,0,31167.44,19632.05,2,14,7,4,2,58
97659,0,0,1,0,1,0,1,1/23/22,Graduate,Divorced,0,0,80942.23,12539.09,2,8,10,20,9,86
72608,0,1,0,1,1,1,0,9/26/23,High School,Separated,2,2,98327.47,5733.82,9,2,2,16,13,56
95614,0,1,1,1,1,1,1,11/6/22,Basic,Single,1,0,83173.63,14246.72,2,12,9,12,10,23
92169,1,0,1,1,0,0,0,5/8/23,Basic,Married,0,1,32422.53,2011.11,0,14,1,18,2,17
26554,1,0,0,1,0,0,0,5/11/22,Postgraduate,Separated,0,1,104438.86,4829.34,5,10,0,2,18,26
10773,1,0,0,0,0,0,0,8/1/24,PhD,Divorced,1,1,83150.44,4892.34,1,7,7,1,1,92
77497,0,1,0,0,1,0,0,9/10/21,Postgraduate,Divorced,1,2,83115.85,18888.97,10,6,2,0,4,2
39352,1,0,0,0,0,0,0,7/19/21,PhD,Widow,1,1,129804.25,15823.99,7,8,4,16,5,22
76260,1,0,1,0,0,0,1,9/4/23,Graduate,Separated,1,0,33754.76,11782.89,6,13,6,14,13,22
69284,1,0,0,1,1,0,1,8/3/24,Basic,Divorced,2,1,44761.06,8593.03,9,10,4,10,20,64
51009,1,1,1,1,1,1,0,5/10/24,Basic,Married,2,2,84024.39,7219.16,4,5,7,16,18,27
34764,0,1,0,0,0,1,0,7/25/22,Postgraduate,Divorced,1,2,94115.38,6145.86,7,9,9,9,13,88
59100,1,1,1,0,0,0,0,5/18/21,High School,Single,1,0,76169.58,6863.99,9,9,5,6,17,70
36276,0,0,0,0,1,1,0,10/20/24,High School,Divorced,1,1,91763.41,3657.27,2,13,5,15,11,38
51373,0,0,0,0,0,0,0,5/6/23,Postgraduate,Widow,0,2,39358.63,7625.8,7,15,0,3,9,11
33469,0,0,1,0,1,0,0,5/26/24,Graduate,Married,2,1,49254.96,1929.55,5,14,6,10,1,73
79136,0,1,0,1,1,0,0,10/16/21,Postgraduate,Separated,0,0,134610.4,7727.54,0,2,0,0,20,74
56863,1,1,0,0,0,0,0,9/17/21,High School,Married,0,2,75008.44,8241.11,4,4,7,20,13,80
19724,0,0,0,1,0,0,0,10/26/24,Postgraduate,Widow,2,0,113397.14,2458.93,4,7,1,1,14,43
37996,0,1,0,1,0,1,0,4/21/22,High School,Widow,2,1,46083.38,4804.45,6,8,6,3,9,25
77765,0,0,1,1,1,0,0,7/18/21,PhD,Divorced,1,0,72691.68,6045.53,7,8,3,17,18,37
76967,1,1,0,1,0,1,0,7/28/24,PhD,Widow,2,2,143112.85,11092.4,2,9,5,11,9,3
27213,1,0,0,0,0,0,0,10/19/24,PhD,Separated,1,0,43141.89,16678.19,7,14,8,10,8,47
66092,0,0,1,1,1,1,1,6/28/23,Postgraduate,Separated,0,0,58429.74,7098.87,3,0,0,20,4,83
40308,1,1,0,1,0,1,0,4/9/24,High School,Widow,1,2,119561.33,2557.46,5,5,4,11,16,92
77813,1,0,0,0,0,0,0,5/3/23,Graduate,Single,1,0,110044.24,7614.37,3,13,2,9,18,80
96739,0,0,1,0,1,1,0,11/13/21,Graduate,Married,2,1,136308.68,9774.14,7,2,3,10,19,27
75673,1,0,0,1,1,0,0,5/12/22,High School,Widow,0,2,80943.63,5972.11,10,6,1,13,2,98
11441,0,0,0,1,1,1,0,9/17/23,Postgraduate,Widow,1,0,67738.93,8241.83,7,4,0,18,14,95
49018,1,0,1,1,0,0,1,3/31/22,PhD,Divorced,2,1,92158.47,11524.78,4,9,1,13,9,73
96238,0,0,0,0,0,1,0,2/26/24,PhD,Divorced,1,0,50417.78,15096.1,2,3,8,1,12,91
12220,0,0,1,0,0,0,0,3/15/24,Basic,Separated,1,0,47353.68,13353.91,6,11,6,2,6,88
42276,0,1,0,1,0,1,0,7/3/23,Graduate,Divorced,1,0,33558.6,9552.01,4,10,10,14,15,60
37642,1,0,1,1,1,0,0,7/2/22,Basic,Widow,0,0,120932.19,17770.2,3,7,6,6,1,42
58779,1,1,1,1,1,0,0,7/3/24,Basic,Married,1,0,84778.03,19775.88,6,13,0,12,18,82
43767,1,0,1,0,1,0,1,6/28/22,Postgraduate,Separated,2,1,74694.27,17260.52,3,4,6,8,15,34
42278,0,1,0,0,1,0,0,4/21/23,Graduate,Married,2,1,92446.35,10538.55,3,10,9,12,1,0
23082,0,0,0,0,1,0,0,7/18/23,High School,Separated,2,0,101090.02,14363.03,9,4,7,2,18,12
70312,0,0,1,0,0,1,0,1/30/22,Basic,Separated,0,1,118442.58,9403.7,0,3,8,1,16,55
46134,1,1,0,0,1,0,0,12/24/22,Basic,Divorced,0,2,92199.73,4884.49,8,3,6,13,10,95
91077,0,1,1,0,0,0,0,2/1/25,PhD,Widow,1,2,59517.25,5166.14,2,15,10,13,5,100
62873,1,1,0,1,1,1,0,5/15/21,PhD,Married,1,1,120414.58,8765.24,5,3,6,6,19,14
32138,1,0,1,0,1,1,0,1/17/25,High School,Widow,0,2,41160.22,14892.26,3,9,1,7,10,3
19093,0,0,1,1,0,1,0,8/28/23,PhD,Widow,2,2,82917.38,9194.11,10,9,6,10,9,90
77372,1,0,0,1,0,0,0,2/10/22,High School,Divorced,1,2,95196.1,10047.36,7,8,0,11,1,27
94042,0,1,0,0,1,1,0,5/18/22,PhD,Widow,1,2,80174.75,11471.81,6,7,8,15,8,37
86722,1,1,0,0,1,0,0,7/18/23,High School,Separated,2,2,59868.56,17346.43,1,0,6,11,14,17
75653,1,1,1,1,1,0,1,1/31/25,Basic,Widow,1,2,35910.97,5108.06,9,7,3,12,14,87
11853,1,1,1,1,0,0,0,1/30/25,PhD,Divorced,0,2,86294.42,2879.07,1,5,0,0,6,85
89664,1,0,0,1,0,1,0,12/27/21,Basic,Widow,0,2,117587.01,3136.59,0,6,1,0,13,50
17862,1,1,1,1,0,1,0,6/1/24,PhD,Widow,2,2,104663.07,10756.08,8,9,5,16,20,90
58882,1,1,1,1,0,0,0,11/13/21,PhD,Single,1,2,131114.08,8626.36,10,1,6,18,5,28
16877,1,0,0,0,0,1,0,3/7/25,Postgraduate,Widow,2,1,95039.83,13375.48,9,9,2,0,0,29
75735,0,1,1,0,0,0,0,4/26/22,High School,Divorced,0,0,62709.75,3783.79,7,13,5,3,7,27
51562,1,0,1,1,1,1,0,11/22/22,PhD,Widow,2,0,149259.04,11028.87,10,5,9,15,1,38
90749,1,0,1,1,1,0,0,7/28/21,PhD,Widow,1,1,75209.99,2713.92,10,6,5,9,20,41
27263,1,0,1,0,0,1,0,8/11/24,PhD,Married,2,1,97016.68,16781.35,9,11,3,2,5,6
31548,0,1,0,1,0,0,0,8/29/23,Graduate,Single,2,1,33841.49,8386.84,4,5,3,15,7,27
32461,0,0,1,0,1,0,0,10/4/23,Postgraduate,Single,2,2,137832.54,17486.86,6,5,1,15,15,77
12997,1,0,0,0,0,0,0,2/18/23,Postgraduate,Divorced,2,0,39708.86,7142.73,1,15,5,0,15,87
59860,1,0,0,0,0,1,0,7/5/23,Graduate,Separated,1,0,104678.06,8685.05,10,10,1,19,12,50
39089,0,1,0,1,1,1,0,7/2/22,Postgraduate,Divorced,2,2,138208.51,8953.06,8,13,2,6,14,65
43315,1,1,1,0,1,0,0,6/5/23,PhD,Separated,2,0,132512.38,13286.77,9,2,7,12,15,0
15040,1,0,0,0,0,1,0,8/19/23,Postgraduate,Married,2,1,66730.09,4069.25,8,9,3,0,0,28
11815,1,0,1,1,1,1,0,10/6/24,Graduate,Separated,0,2,121535.59,11040.05,8,9,9,20,16,62
61348,1,0,0,0,0,0,0,5/2/24,PhD,Widow,2,1,33076.05,13858.47,7,11,5,15,17,47
30397,1,1,1,1,1,0,0,4/10/23,High School,Divorced,2,1,64544.34,852.28,8,3,3,4,4,22
81995,1,1,1,0,1,0,0,7/6/24,Postgraduate,Widow,1,0,113065.73,7782.32,0,8,5,11,20,82
87238,1,0,0,1,0,1,0,5/31/22,High School,Divorced,1,1,81416.47,4427.98,8,4,10,16,1,61
11880,0,0,0,0,1,1,0,6/7/21,PhD,Widow,1,0,105475.35,13277.23,3,12,9,15,19,31
11165,0,0,0,0,0,1,0,9/22/23,PhD,Separated,0,2,116366.54,8271.87,9,4,5,16,3,57
12290,0,1,0,1,1,0,0,10/9/22,High School,Divorced,0,1,126992.27,12882.11,10,7,7,17,15,29
20907,1,0,0,0,1,1,1,4/14/22,PhD,Widow,0,2,53636.46,4567.93,4,5,9,19,11,7
30237,1,1,0,0,1,1,0,8/15/22,Basic,Single,1,1,82844.02,14949.55,7,13,7,7,19,61
54007,0,0,0,1,1,1,1,10/22/21,PhD,Separated,2,0,56064.98,7550.24,7,8,0,13,5,32
77792,0,1,0,0,0,0,0,1/15/25,PhD,Widow,1,0,76743.86,2619.19,8,8,9,3,19,68
10573,1,1,0,0,0,1,0,12/1/22,High School,Divorced,1,0,61729.04,8357.64,3,11,7,4,12,84
89531,1,0,0,1,0,1,0,4/20/24,PhD,Divorced,2,0,33241.96,12627.36,9,13,6,18,5,100
84384,1,1,0,1,0,1,0,4/27/23,Graduate,Separated,1,2,56818.65,14556.28,7,11,4,7,9,41
98310,0,1,1,1,0,0,0,3/25/23,PhD,Separated,2,1,84782.95,3415.23,2,13,4,12,2,96
51465,1,0,0,0,0,0,0,9/18/23,High School,Widow,1,2,37186.11,17013,6,15,6,18,7,68
89195,0,1,0,1,1,0,0,12/2/23,Postgraduate,Separated,2,0,44041.92,8979.34,1,4,0,15,10,0
85100,0,0,1,0,1,1,0,7/13/21,Graduate,Separated,0,2,137243.95,3557.13,2,8,4,10,11,55
50669,1,0,0,0,0,0,0,2/4/25,PhD,Separated,1,1,122014.7,4195.95,9,11,10,2,14,51
25039,0,0,0,0,0,1,0,3/23/24,Graduate,Separated,0,1,31591.24,14891.16,10,13,9,11,2,1
93132,1,0,1,0,0,0,0,9/11/21,Postgraduate,Divorced,0,2,126830.54,13138.49,1,14,3,0,12,73
22044,0,0,0,1,1,0,0,7/25/23,PhD,Separated,2,2,136655.66,8232.21,8,7,0,20,5,70
28331,1,0,1,0,0,1,0,3/3/24,Postgraduate,Single,2,0,119285.66,11633.65,2,13,0,8,17,45
76977,1,1,1,0,1,1,1,7/21/21,PhD,Married,2,1,72385.06,6503.11,1,5,7,20,1,87
61680,1,1,1,1,1,0,0,7/3/23,Postgraduate,Married,0,0,132948.09,18568.69,0,11,6,0,18,83
45578,1,1,1,0,1,0,0,2/27/24,High School,Married,1,0,80045.98,12753.32,6,13,0,11,0,44
12540,0,1,1,1,1,1,0,4/6/25,PhD,Married,1,2,113945.42,5348.67,1,9,7,8,7,59
84324,0,0,0,1,0,0,0,10/18/24,PhD,Widow,0,2,44969.93,3192.67,6,8,7,2,9,23
85449,1,0,0,0,0,0,0,7/26/24,PhD,Single,0,1,107764.19,15357.33,2,7,7,14,6,80
35353,0,0,0,0,0,0,1,9/5/24,Graduate,Married,0,1,94081.34,15481.02,0,6,4,12,6,25
80669,0,1,1,0,1,1,0,7/13/23,PhD,Widow,1,2,34088.69,13338.75,5,1,0,1,11,71
62162,1,0,0,1,1,1,0,2/2/25,Basic,Single,1,1,56504.58,11098.22,5,14,8,3,17,81
71167,0,1,1,1,0,1,0,2/2/23,PhD,Single,1,2,120923.12,12874.74,1,9,4,13,13,11
49463,1,1,0,1,0,0,0,4/5/23,Postgraduate,Divorced,1,0,139283.93,8122.33,8,11,4,10,10,30
66061,1,0,1,1,1,1,0,12/18/21,PhD,Divorced,2,2,35466,13422.78,4,9,2,7,17,13
86528,1,0,0,1,1,1,0,7/9/23,Graduate,Separated,2,0,93179.1,8145.56,4,12,2,17,16,29
32549,1,0,1,0,1,0,0,6/22/23,Graduate,Single,2,0,39267.9,19579.78,5,13,1,3,14,0
55473,0,1,1,1,0,1,0,5/17/22,PhD,Married,1,0,119777.58,4919.92,9,3,7,12,2,78
88364,1,0,0,1,1,1,0,12/10/24,Basic,Married,2,2,120153.11,14076.25,10,15,4,0,16,57
73007,1,1,1,0,1,0,0,9/26/22,High School,Separated,2,1,42522.48,9998.51,6,10,7,15,18,73
44704,0,1,0,0,1,1,0,3/30/24,Basic,Single,2,0,101678.43,5583.67,5,2,9,4,9,13
31428,1,0,1,0,1,1,0,11/27/22,Postgraduate,Single,2,1,35754.56,16723.91,10,12,4,19,3,38
37512,1,1,0,0,1,1,0,11/11/23,Basic,Single,1,1,103562.68,5883.74,10,3,6,9,2,44
26910,1,0,0,1,1,1,0,11/16/21,PhD,Single,0,1,38604.28,10082.25,1,0,9,0,15,14
96547,1,1,0,1,1,0,0,3/17/23,Graduate,Single,1,2,132858.16,13204.39,5,6,8,15,6,49
90714,0,1,0,1,1,0,0,2/1/23,PhD,Single,2,1,58949.25,10648.98,1,12,8,9,16,17
76157,1,0,0,0,0,1,1,10/1/23,Graduate,Widow,1,1,70846.22,5104,10,0,6,0,8,45
81785,0,0,0,1,0,0,0,3/16/25,High School,Widow,2,1,58699.08,19896.38,7,5,2,6,15,28
63652,1,1,0,1,0,0,1,3/28/22,Postgraduate,Single,1,2,35768.77,9554.38,5,6,5,4,5,53
60679,1,1,0,0,1,0,1,9/10/24,PhD,Widow,0,1,131216.28,2382.72,10,11,9,18,13,37
47059,0,1,0,1,0,0,0,8/7/22,PhD,Widow,0,1,60631.12,715.89,5,2,4,20,7,14
90375,1,1,0,0,0,0,0,2/22/22,Postgraduate,Divorced,2,0,146815.35,19571.72,2,11,4,5,13,5
78392,0,1,0,0,0,0,0,1/14/23,High School,Divorced,1,2,139585.03,4158.72,10,10,9,9,11,71
81922,0,0,1,0,1,1,0,12/12/23,Graduate,Married,2,1,104720.59,9439.2,6,11,5,3,5,65
87859,1,1,0,0,1,1,0,4/3/23,Graduate,Widow,0,0,39634.12,563.43,2,4,10,2,7,28
12683,1,1,0,1,0,0,0,10/30/23,PhD,Married,1,1,111107.71,15277.94,7,9,9,16,16,91
93731,0,1,0,0,1,0,0,9/2/22,Graduate,Married,0,2,132854.17,18795.57,3,10,2,2,11,8
49475,1,0,1,1,1,0,1,4/17/23,Postgraduate,Separated,2,2,106838.44,16279.2,2,8,7,3,11,60
15619,1,1,0,0,0,0,0,6/11/24,High School,Single,0,0,136818.57,14456.96,3,10,5,3,5,12
19406,1,0,0,0,0,1,1,11/13/24,Basic,Divorced,0,0,79114.1,4998.22,2,13,2,3,9,33
93846,1,0,1,0,1,0,0,11/30/23,Basic,Separated,1,1,95227.29,9091.52,8,1,1,3,20,45
87372,0,0,0,1,1,0,0,2/10/25,High School,Widow,0,1,72639.73,5739.99,9,1,3,6,12,94
68508,0,0,0,1,1,0,0,5/25/23,High School,Married,0,2,95783.21,7403.14,5,10,2,14,17,93
17705,1,1,0,1,0,0,0,3/31/24,Graduate,Widow,1,0,148493.49,11873.95,0,13,8,19,2,76
42220,1,0,1,1,1,1,0,9/19/24,PhD,Separated,0,2,92953.19,2610.59,9,3,10,18,9,71
64817,1,1,1,0,0,0,1,2/22/25,Basic,Separated,2,2,31053.53,3269.39,1,11,5,3,15,41
88862,1,0,1,0,1,0,0,1/6/23,Postgraduate,Single,0,2,123021.51,12066.21,6,13,6,16,13,68
49259,1,1,0,0,0,1,0,12/3/24,Basic,Single,2,2,113286.28,7413.36,1,9,9,8,14,26
89424,1,1,1,0,0,0,0,3/23/24,Postgraduate,Widow,0,2,35422.58,4495.69,0,4,7,10,18,53
57575,0,1,1,1,0,1,0,10/29/23,Graduate,Married,1,0,52600.86,5604.01,4,10,2,3,5,44
19845,1,0,1,0,0,0,0,9/18/21,Graduate,Single,2,2,134736.18,14550.91,9,3,5,3,9,95
71633,0,1,0,1,0,1,0,9/27/21,Basic,Married,2,1,87503.88,5818.79,2,12,3,13,8,9
13944,0,0,1,1,1,0,0,7/6/21,Graduate,Married,2,2,118776.16,3976.96,5,6,9,12,0,37
12072,0,1,0,0,1,1,0,10/25/21,Graduate,Married,1,2,58474.84,11638.36,6,10,10,5,14,55
59404,0,0,0,0,0,0,0,3/13/25,Postgraduate,Widow,0,1,136046.63,15697.2,8,1,9,15,0,20
18159,0,1,0,1,0,1,0,6/19/21,Basic,Divorced,2,0,38976.14,7160.75,3,7,1,14,1,17
46278,1,0,0,1,1,0,0,8/14/22,Basic,Divorced,2,0,86125.39,9832.66,5,14,2,11,6,59
46889,0,1,0,0,0,1,0,11/2/21,High School,Single,0,0,140995.11,4134.04,6,13,4,14,8,8
21499,0,0,0,0,1,0,0,8/16/24,PhD,Married,2,1,148430.82,15135.95,4,5,2,13,20,55
41888,0,0,1,1,0,0,0,12/3/21,PhD,Single,0,2,145581.47,18902.7,9,3,3,2,11,48
33986,1,0,1,1,1,0,0,7/25/21,Graduate,Widow,2,0,69444.04,15064.33,4,10,2,5,16,96
42181,0,0,0,1,0,1,0,9/15/22,Graduate,Married,2,2,83622.51,12440.62,3,8,9,13,11,56
69047,1,1,0,0,1,0,0,4/28/24,PhD,Widow,0,2,76507.46,627.06,6,9,1,4,6,88
47565,0,1,1,0,0,1,0,3/8/25,Postgraduate,Separated,0,0,136021.86,9324.64,5,0,1,12,6,18
88289,1,0,0,1,0,1,0,7/8/24,Basic,Divorced,0,1,143825.33,12756.44,3,13,4,5,14,19
69733,0,0,1,1,1,1,0,6/15/22,Postgraduate,Widow,2,2,143326.21,9880.69,6,15,10,9,12,61
92720,0,1,1,0,0,0,0,5/26/24,High School,Married,0,1,103805.89,11438.38,8,4,1,14,0,21
83211,1,1,0,1,0,1,0,6/23/21,Graduate,Separated,0,2,72220.14,6509.81,7,11,6,3,13,94
64357,0,0,1,1,0,1,0,4/30/21,Postgraduate,Separated,0,0,146482.98,9439.18,5,12,1,9,2,96
12820,0,1,1,0,1,0,0,3/25/23,High School,Married,2,1,144382.07,9310.01,9,1,8,16,10,5
56039,1,0,0,0,0,1,0,8/5/24,Postgraduate,Single,0,0,35911.94,9640.67,0,4,3,16,20,46
47490,1,0,0,0,0,1,0,1/13/23,High School,Single,0,0,74603.39,11292.26,3,7,9,17,19,86
73120,1,0,0,0,0,1,0,4/5/24,Postgraduate,Married,2,2,84927.83,3568.01,8,14,6,14,17,20
19983,0,1,0,1,0,0,0,3/5/22,Postgraduate,Widow,1,0,66550.81,13882.83,8,12,5,14,8,25
39238,0,1,0,0,1,0,0,11/18/21,PhD,Divorced,2,2,105148.92,11958.34,7,4,0,5,18,65
99545,0,0,0,0,0,1,0,7/22/22,High School,Separated,0,1,137811.43,11794.45,8,3,1,20,14,75
99027,1,0,0,0,1,0,1,5/23/21,Graduate,Separated,1,0,134161.03,6016.01,2,14,1,18,5,73
69118,0,0,1,1,0,1,0,2/26/25,Postgraduate,Separated,0,2,145387.62,16273.75,4,1,8,16,10,14
62497,1,0,0,0,0,0,0,5/2/21,Graduate,Widow,2,2,65310.07,1234.35,7,13,2,5,13,93
82324,1,1,0,1,0,1,1,6/5/24,PhD,Married,2,1,40040.41,8916.95,5,15,8,2,3,52
70993,1,1,1,1,1,1,0,6/29/24,High School,Married,2,2,37044.07,18083.4,0,5,9,20,3,43
10782,1,0,0,1,0,0,0,7/31/24,Basic,Single,1,1,35477.04,4230.75,5,7,5,20,18,50
63982,0,0,0,1,0,0,0,6/1/24,High School,Divorced,1,0,127454.77,8282.63,6,12,0,4,14,12
24521,1,0,1,1,1,1,1,9/19/23,PhD,Single,2,0,131250.1,10869.81,4,15,10,14,1,44